21907_LNBYT5954Z	21907_LNBYT5954Z
22137_LNBYT5954Z	22137_LNBYT5954Z
22266_LNBYT5954Z	22266_LNBYT5954Z
22326_LNBYT5954Z	22326_LNBYT5954Z
22417_LNBYT5954Z	22417_LNBYT5954Z
22418_LNBYT5954Z	22418_LNBYT5954Z
22504_LNBYT5954Z	22504_LNBYT5954Z
22730_LNBYT5954Z	22730_LNBYT5954Z
22966_LNBYT5954Z	22966_LNBYT5954Z
23169_LNBYT5954Z	23169_LNBYT5954Z
23216_LNBYT5954Z	23216_LNBYT5954Z
23287_LNBYT5954Z	23287_LNBYT5954Z
23637_LNBYT5954Z	23637_LNBYT5954Z
23639_LNBYT5954Z	23639_LNBYT5954Z
23649_LNBYT5954Z	23649_LNBYT5954Z
24278_LNBYT5954Z	24278_LNBYT5954Z
24321_LNBYT5954Z	24321_LNBYT5954Z
24459_LNBYT5954Z	24459_LNBYT5954Z
24512_LNBYT5954Z	24512_LNBYT5954Z
24699_LNBYT5954Z	24699_LNBYT5954Z
24833_LNBYT5954Z	24833_LNBYT5954Z
25117_LNBYT5954Z	25117_LNBYT5954Z
25378_LNBYT5954Z	25378_LNBYT5954Z
25589_LNBYT5954Z	25589_LNBYT5954Z
25878_LNBYT5954Z	25878_LNBYT5954Z
25988_LNBYT5954Z	25988_LNBYT5954Z
26089_LNBYT5954Z	26089_LNBYT5954Z
26419_LNBYT5954Z	26419_LNBYT5954Z
26431_LNBYT5954Z	26431_LNBYT5954Z
26592_LNBYT5954Z	26592_LNBYT5954Z
26654_LNBYT5954Z	26654_LNBYT5954Z
26893_LNBYT5954Z	26893_LNBYT5954Z
26906_LNBYT5954Z	26906_LNBYT5954Z
26994_LNBYT5954Z	26994_LNBYT5954Z
27407_LNBYT5954Z	27407_LNBYT5954Z
27631_LNBYT5954Z	27631_LNBYT5954Z
27749_LNBYT5954Z	27749_LNBYT5954Z
27981_LNBYT5954Z	27981_LNBYT5954Z
28315_LNBYT5954Z	28315_LNBYT5954Z
28403_LNBYT5954Z	28403_LNBYT5954Z
28407_LNBYT5954Z	28407_LNBYT5954Z
28418_LNBYT5954Z	28418_LNBYT5954Z
28634_LNBYT5954Z	28634_LNBYT5954Z
28672_LNBYT5954Z	28672_LNBYT5954Z
28694_LNBYT5954Z	28694_LNBYT5954Z
28770_LNBYT5954Z	28770_LNBYT5954Z
28946_LNBYT5954Z	28946_LNBYT5954Z
29195_LNBYT5954Z	29195_LNBYT5954Z
29546_LNBYT5954Z	29546_LNBYT5954Z
29614_LNBYT5954Z	29614_LNBYT5954Z
29707_LNBYT5954Z	29707_LNBYT5954Z
44_LNBYT5954Z	44_LNBYT5954Z
92_LNBYT5954Z	92_LNBYT5954Z
30635_LNBYT5954Z	30635_LNBYT5954Z
31412_LNBYT5954Z	31412_LNBYT5954Z
31450_LNBYT5954Z	31450_LNBYT5954Z
31572_LNBYT5954Z	31572_LNBYT5954Z
31607_LNBYT5954Z	31607_LNBYT5954Z
31632_LNBYT5954Z	31632_LNBYT5954Z
31923_LNBYT5954Z	31923_LNBYT5954Z
32264_LNBYT5954Z	32264_LNBYT5954Z
32351_LNBYT5954Z	32351_LNBYT5954Z
32354_LNBYT5954Z	32354_LNBYT5954Z
32455_LNBYT5954Z	32455_LNBYT5954Z
32563_LNBYT5954Z	32563_LNBYT5954Z
32682_LNBYT5954Z	32682_LNBYT5954Z
33043_LNBYT5954Z	33043_LNBYT5954Z
33097_LNBYT5954Z	33097_LNBYT5954Z
33306_LNBYT5954Z	33306_LNBYT5954Z
33386_LNBYT5954Z	33386_LNBYT5954Z
33603_LNBYT5954Z	33603_LNBYT5954Z
33616_LNBYT5954Z	33616_LNBYT5954Z
33766_LNBYT5954Z	33766_LNBYT5954Z
33813_LNBYT5954Z	33813_LNBYT5954Z
34096_LNBYT5954Z	34096_LNBYT5954Z
34359_LNBYT5954Z	34359_LNBYT5954Z
34643_LNBYT5954Z	34643_LNBYT5954Z
34736_LNBYT5954Z	34736_LNBYT5954Z
34745_LNBYT5954Z	34745_LNBYT5954Z
35116_LNBYT5954Z	35116_LNBYT5954Z
35364_LNBYT5954Z	35364_LNBYT5954Z
36012_LNBYT5954Z	36012_LNBYT5954Z
36084_LNBYT5954Z	36084_LNBYT5954Z
36279_LNBYT5954Z	36279_LNBYT5954Z
36494_LNBYT5954Z	36494_LNBYT5954Z
36539_LNBYT5954Z	36539_LNBYT5954Z
36553_LNBYT5954Z	36553_LNBYT5954Z
36666_LNBYT5954Z	36666_LNBYT5954Z
36699_LNBYT5954Z	36699_LNBYT5954Z
36765_LNBYT5954Z	36765_LNBYT5954Z
36952_LNBYT5954Z	36952_LNBYT5954Z
37021_LNBYT5954Z	37021_LNBYT5954Z
37025_LNBYT5954Z	37025_LNBYT5954Z
37202_LNBYT5954Z	37202_LNBYT5954Z
37536_LNBYT5954Z	37536_LNBYT5954Z
37656_LNBYT5954Z	37656_LNBYT5954Z
38107_LNBYT5954Z	38107_LNBYT5954Z
38213_LNBYT5954Z	38213_LNBYT5954Z
38500_LNBYT5954Z	38500_LNBYT5954Z
38777_LNBYT5954Z	38777_LNBYT5954Z
59416_LNBYT5954Z	59416_LNBYT5954Z
59939_LNBYT5954Z	59939_LNBYT5954Z
60675_LNBYT5954Z	60675_LNBYT5954Z
60737_LNBYT5954Z	60737_LNBYT5954Z
61808_LNBYT5954Z	61808_LNBYT5954Z
61925_LNBYT5954Z	61925_LNBYT5954Z
62220_LNBYT5954Z	62220_LNBYT5954Z
62222_LNBYT5954Z	62222_LNBYT5954Z
62621_LNBYT5954Z	62621_LNBYT5954Z
62967_LNBYT5954Z	62967_LNBYT5954Z
63145_LNBYT5954Z	63145_LNBYT5954Z
64025_LNBYT5954Z	64025_LNBYT5954Z
64111_LNBYT5954Z	64111_LNBYT5954Z
64271_LNBYT5954Z	64271_LNBYT5954Z
64638_LNBYT5954Z	64638_LNBYT5954Z
65714_LNBYT5954Z	65714_LNBYT5954Z
65813_LNBYT5954Z	65813_LNBYT5954Z
65945_LNBYT5954Z	65945_LNBYT5954Z
66145_LNBYT5954Z	66145_LNBYT5954Z
66443_LNBYT5954Z	66443_LNBYT5954Z
67081_LNBYT5954Z	67081_LNBYT5954Z
67246_LNBYT5954Z	67246_LNBYT5954Z
68079_LNBYT5954Z	68079_LNBYT5954Z
69169_LNBYT5954Z	69169_LNBYT5954Z
69626_LNBYT5954Z	69626_LNBYT5954Z
69835_LNBYT5954Z	69835_LNBYT5954Z
70066_LNBYT5954Z	70066_LNBYT5954Z
70200_LNBYT5954Z	70200_LNBYT5954Z
70488_LNBYT5954Z	70488_LNBYT5954Z
70858_LNBYT5954Z	70858_LNBYT5954Z
71088_LNBYT5954Z	71088_LNBYT5954Z
71536_LNBYT5954Z	71536_LNBYT5954Z
71543_LNBYT5954Z	71543_LNBYT5954Z
72995_LNBYT5954Z	72995_LNBYT5954Z
73337_LNBYT5954Z	73337_LNBYT5954Z
73507_LNBYT5954Z	73507_LNBYT5954Z
73632_LNBYT5954Z	73632_LNBYT5954Z
73819_LNBYT5954Z	73819_LNBYT5954Z
73982_LNBYT5954Z	73982_LNBYT5954Z
74274_LNBYT5954Z	74274_LNBYT5954Z
74423_LNBYT5954Z	74423_LNBYT5954Z
74464_LNBYT5954Z	74464_LNBYT5954Z
74666_LNBYT5954Z	74666_LNBYT5954Z
74727_LNBYT5954Z	74727_LNBYT5954Z
74825_LNBYT5954Z	74825_LNBYT5954Z
75316_LNBYT5954Z	75316_LNBYT5954Z
75403_LNBYT5954Z	75403_LNBYT5954Z
75498_LNBYT5954Z	75498_LNBYT5954Z
76472_LNBYT5954Z	76472_LNBYT5954Z
76982_LNBYT5954Z	76982_LNBYT5954Z
78322_LNBYT5954Z	78322_LNBYT5954Z
78557_LNBYT5954Z	78557_LNBYT5954Z
78581_LNBYT5954Z	78581_LNBYT5954Z
78690_LNBYT5954Z	78690_LNBYT5954Z
78979_LNBYT5954Z	78979_LNBYT5954Z
79313_LNBYT5954Z	79313_LNBYT5954Z
79892_LNBYT5954Z	79892_LNBYT5954Z
80167_LNBYT5954Z	80167_LNBYT5954Z
80275_LNBYT5954Z	80275_LNBYT5954Z
80388_LNBYT5954Z	80388_LNBYT5954Z
80396_LNBYT5954Z	80396_LNBYT5954Z
80778_LNBYT5954Z	80778_LNBYT5954Z
80940_LNBYT5954Z	80940_LNBYT5954Z
118_LNBYT5954Z	118_LNBYT5954Z
81377_LNBYT5954Z	81377_LNBYT5954Z
81401_LNBYT5954Z	81401_LNBYT5954Z
81898_LNBYT5954Z	81898_LNBYT5954Z
81947_LNBYT5954Z	81947_LNBYT5954Z
82064_LNBYT5954Z	82064_LNBYT5954Z
82675_LNBYT5954Z	82675_LNBYT5954Z
83469_LNBYT5954Z	83469_LNBYT5954Z
83488_LNBYT5954Z	83488_LNBYT5954Z
83654_LNBYT5954Z	83654_LNBYT5954Z
83875_LNBYT5954Z	83875_LNBYT5954Z
84307_LNBYT5954Z	84307_LNBYT5954Z
84362_LNBYT5954Z	84362_LNBYT5954Z
84607_LNBYT5954Z	84607_LNBYT5954Z
84715_LNBYT5954Z	84715_LNBYT5954Z
84974_LNBYT5954Z	84974_LNBYT5954Z
85179_LNBYT5954Z	85179_LNBYT5954Z
85922_LNBYT5954Z	85922_LNBYT5954Z
86039_LNBYT5954Z	86039_LNBYT5954Z
86065_LNBYT5954Z	86065_LNBYT5954Z
86367_LNBYT5954Z	86367_LNBYT5954Z
86795_LNBYT5954Z	86795_LNBYT5954Z
86924_LNBYT5954Z	86924_LNBYT5954Z
87053_LNBYT5954Z	87053_LNBYT5954Z
87184_LNBYT5954Z	87184_LNBYT5954Z
87515_LNBYT5954Z	87515_LNBYT5954Z
87878_LNBYT5954Z	87878_LNBYT5954Z
88279_LNBYT5954Z	88279_LNBYT5954Z
88587_LNBYT5954Z	88587_LNBYT5954Z
89223_LNBYT5954Z	89223_LNBYT5954Z
89384_LNBYT5954Z	89384_LNBYT5954Z
89486_LNBYT5954Z	89486_LNBYT5954Z
89790_LNBYT5954Z	89790_LNBYT5954Z
90111_LNBYT5954Z	90111_LNBYT5954Z
90610_LNBYT5954Z	90610_LNBYT5954Z
90710_LNBYT5954Z	90710_LNBYT5954Z
90945_LNBYT5954Z	90945_LNBYT5954Z
90993_LNBYT5954Z	90993_LNBYT5954Z
91230_LNBYT5954Z	91230_LNBYT5954Z
91343_LNBYT5954Z	91343_LNBYT5954Z
91393_LNBYT5954Z	91393_LNBYT5954Z
91510_LNBYT5954Z	91510_LNBYT5954Z
92299_LNBYT5954Z	92299_LNBYT5954Z
93445_LNBYT5954Z	93445_LNBYT5954Z
93592_LNBYT5954Z	93592_LNBYT5954Z
93887_LNBYT5954Z	93887_LNBYT5954Z
94124_LNBYT5954Z	94124_LNBYT5954Z
94138_LNBYT5954Z	94138_LNBYT5954Z
94267_LNBYT5954Z	94267_LNBYT5954Z
94340_LNBYT5954Z	94340_LNBYT5954Z
95046_LNBYT5954Z	95046_LNBYT5954Z
95323_LNBYT5954Z	95323_LNBYT5954Z
95613_LNBYT5954Z	95613_LNBYT5954Z
95847_LNBYT5954Z	95847_LNBYT5954Z
96157_LNBYT5954Z	96157_LNBYT5954Z
96295_LNBYT5954Z	96295_LNBYT5954Z
97414_LNBYT5954Z	97414_LNBYT5954Z
97912_LNBYT5954Z	97912_LNBYT5954Z
97957_LNBYT5954Z	97957_LNBYT5954Z
98125_LNBYT5954Z	98125_LNBYT5954Z
98178_LNBYT5954Z	98178_LNBYT5954Z
98620_LNBYT5954Z	98620_LNBYT5954Z
98761_LNBYT5954Z	98761_LNBYT5954Z
98826_LNBYT5954Z	98826_LNBYT5954Z
99742_LNBYT5954Z	99742_LNBYT5954Z
100001_LNBYT5954Z	100001_LNBYT5954Z
100110_LNBYT5954Z	100110_LNBYT5954Z
100181_LNBYT5954Z	100181_LNBYT5954Z
100429_LNBYT5954Z	100429_LNBYT5954Z
100970_LNBYT5954Z	100970_LNBYT5954Z
100978_LNBYT5954Z	100978_LNBYT5954Z
101250_LNBYT5954Z	101250_LNBYT5954Z
101410_LNBYT5954Z	101410_LNBYT5954Z
101422_LNBYT5954Z	101422_LNBYT5954Z
101735_LNBYT5954Z	101735_LNBYT5954Z
101970_LNBYT5954Z	101970_LNBYT5954Z
102015_LNBYT5954Z	102015_LNBYT5954Z
102045_LNBYT5954Z	102045_LNBYT5954Z
102674_LNBYT5954Z	102674_LNBYT5954Z
102837_LNBYT5954Z	102837_LNBYT5954Z
103160_LNBYT5954Z	103160_LNBYT5954Z
105921_LNBYT5954Z	105921_LNBYT5954Z
106521_LNBYT5954Z	106521_LNBYT5954Z
106814_LNBYT5954Z	106814_LNBYT5954Z
106997_LNBYT5954Z	106997_LNBYT5954Z
107326_LNBYT5954Z	107326_LNBYT5954Z
107685_LNBYT5954Z	107685_LNBYT5954Z
107970_LNBYT5954Z	107970_LNBYT5954Z
109350_LNBYT5954Z	109350_LNBYT5954Z
109372_LNBYT5954Z	109372_LNBYT5954Z
109610_LNBYT5954Z	109610_LNBYT5954Z
109753_LNBYT5954Z	109753_LNBYT5954Z
109846_LNBYT5954Z	109846_LNBYT5954Z
110128_LNBYT5954Z	110128_LNBYT5954Z
110428_LNBYT5954Z	110428_LNBYT5954Z
110493_LNBYT5954Z	110493_LNBYT5954Z
111003_LNBYT5954Z	111003_LNBYT5954Z
111415_LNBYT5954Z	111415_LNBYT5954Z
111986_LNBYT5954Z	111986_LNBYT5954Z
112054_LNBYT5954Z	112054_LNBYT5954Z
112284_LNBYT5954Z	112284_LNBYT5954Z
112377_LNBYT5954Z	112377_LNBYT5954Z
112706_LNBYT5954Z	112706_LNBYT5954Z
112857_LNBYT5954Z	112857_LNBYT5954Z
113020_LNBYT5954Z	113020_LNBYT5954Z
113422_LNBYT5954Z	113422_LNBYT5954Z
113899_LNBYT5954Z	113899_LNBYT5954Z
113998_LNBYT5954Z	113998_LNBYT5954Z
114340_LNBYT5954Z	114340_LNBYT5954Z
114419_LNBYT5954Z	114419_LNBYT5954Z
114420_LNBYT5954Z	114420_LNBYT5954Z
114746_LNBYT5954Z	114746_LNBYT5954Z
115132_LNBYT5954Z	115132_LNBYT5954Z
115258_LNBYT5954Z	115258_LNBYT5954Z
116800_LNBYT5954Z	116800_LNBYT5954Z
117005_LNBYT5954Z	117005_LNBYT5954Z
117125_LNBYT5954Z	117125_LNBYT5954Z
117582_LNBYT5954Z	117582_LNBYT5954Z
117850_LNBYT5954Z	117850_LNBYT5954Z
118632_LNBYT5954Z	118632_LNBYT5954Z
119015_LNBYT5954Z	119015_LNBYT5954Z
120023_LNBYT5954Z	120023_LNBYT5954Z
120345_LNBYT5954Z	120345_LNBYT5954Z
120710_LNBYT5954Z	120710_LNBYT5954Z
120771_LNBYT5954Z	120771_LNBYT5954Z
120786_LNBYT5954Z	120786_LNBYT5954Z
121018_LNBYT5954Z	121018_LNBYT5954Z
121127_LNBYT5954Z	121127_LNBYT5954Z
121240_LNBYT5954Z	121240_LNBYT5954Z
121385_LNBYT5954Z	121385_LNBYT5954Z
121424_LNBYT5954Z	121424_LNBYT5954Z
121502_LNBYT5954Z	121502_LNBYT5954Z
122017_LNBYT5954Z	122017_LNBYT5954Z
122048_LNBYT5954Z	122048_LNBYT5954Z
122560_LNBYT5954Z	122560_LNBYT5954Z
122738_LNBYT5954Z	122738_LNBYT5954Z
124004_LNBYT5954Z	124004_LNBYT5954Z
38835_LNBYT5954Z	38835_LNBYT5954Z
38968_LNBYT5954Z	38968_LNBYT5954Z
39016_LNBYT5954Z	39016_LNBYT5954Z
39261_LNBYT5954Z	39261_LNBYT5954Z
39550_LNBYT5954Z	39550_LNBYT5954Z
39745_LNBYT5954Z	39745_LNBYT5954Z
39996_LNBYT5954Z	39996_LNBYT5954Z
40419_LNBYT5954Z	40419_LNBYT5954Z
40453_LNBYT5954Z	40453_LNBYT5954Z
40579_LNBYT5954Z	40579_LNBYT5954Z
40906_LNBYT5954Z	40906_LNBYT5954Z
41014_LNBYT5954Z	41014_LNBYT5954Z
41026_LNBYT5954Z	41026_LNBYT5954Z
41036_LNBYT5954Z	41036_LNBYT5954Z
41086_LNBYT5954Z	41086_LNBYT5954Z
41244_LNBYT5954Z	41244_LNBYT5954Z
41278_LNBYT5954Z	41278_LNBYT5954Z
41604_LNBYT5954Z	41604_LNBYT5954Z
41685_LNBYT5954Z	41685_LNBYT5954Z
42248_LNBYT5954Z	42248_LNBYT5954Z
42493_LNBYT5954Z	42493_LNBYT5954Z
42523_LNBYT5954Z	42523_LNBYT5954Z
42610_LNBYT5954Z	42610_LNBYT5954Z
42710_LNBYT5954Z	42710_LNBYT5954Z
42854_LNBYT5954Z	42854_LNBYT5954Z
43070_LNBYT5954Z	43070_LNBYT5954Z
43398_LNBYT5954Z	43398_LNBYT5954Z
43641_LNBYT5954Z	43641_LNBYT5954Z
43653_LNBYT5954Z	43653_LNBYT5954Z
43675_LNBYT5954Z	43675_LNBYT5954Z
44343_LNBYT5954Z	44343_LNBYT5954Z
44524_LNBYT5954Z	44524_LNBYT5954Z
45486_LNBYT5954Z	45486_LNBYT5954Z
45524_LNBYT5954Z	45524_LNBYT5954Z
45627_LNBYT5954Z	45627_LNBYT5954Z
45645_LNBYT5954Z	45645_LNBYT5954Z
46310_LNBYT5954Z	46310_LNBYT5954Z
46381_LNBYT5954Z	46381_LNBYT5954Z
46695_LNBYT5954Z	46695_LNBYT5954Z
47117_LNBYT5954Z	47117_LNBYT5954Z
47128_LNBYT5954Z	47128_LNBYT5954Z
47176_LNBYT5954Z	47176_LNBYT5954Z
47315_LNBYT5954Z	47315_LNBYT5954Z
47317_LNBYT5954Z	47317_LNBYT5954Z
47978_LNBYT5954Z	47978_LNBYT5954Z
48227_LNBYT5954Z	48227_LNBYT5954Z
48385_LNBYT5954Z	48385_LNBYT5954Z
48434_LNBYT5954Z	48434_LNBYT5954Z
49735_LNBYT5954Z	49735_LNBYT5954Z
49899_LNBYT5954Z	49899_LNBYT5954Z
50144_LNBYT5954Z	50144_LNBYT5954Z
50236_LNBYT5954Z	50236_LNBYT5954Z
50400_LNBYT5954Z	50400_LNBYT5954Z
50526_LNBYT5954Z	50526_LNBYT5954Z
50765_LNBYT5954Z	50765_LNBYT5954Z
51250_LNBYT5954Z	51250_LNBYT5954Z
51455_LNBYT5954Z	51455_LNBYT5954Z
52071_LNBYT5954Z	52071_LNBYT5954Z
52150_LNBYT5954Z	52150_LNBYT5954Z
52485_LNBYT5954Z	52485_LNBYT5954Z
52545_LNBYT5954Z	52545_LNBYT5954Z
52624_LNBYT5954Z	52624_LNBYT5954Z
52743_LNBYT5954Z	52743_LNBYT5954Z
52787_LNBYT5954Z	52787_LNBYT5954Z
52800_LNBYT5954Z	52800_LNBYT5954Z
52820_LNBYT5954Z	52820_LNBYT5954Z
53349_LNBYT5954Z	53349_LNBYT5954Z
53531_LNBYT5954Z	53531_LNBYT5954Z
53602_LNBYT5954Z	53602_LNBYT5954Z
53652_LNBYT5954Z	53652_LNBYT5954Z
53697_LNBYT5954Z	53697_LNBYT5954Z
53757_LNBYT5954Z	53757_LNBYT5954Z
53840_LNBYT5954Z	53840_LNBYT5954Z
54408_LNBYT5954Z	54408_LNBYT5954Z
54536_LNBYT5954Z	54536_LNBYT5954Z
54753_LNBYT5954Z	54753_LNBYT5954Z
54791_LNBYT5954Z	54791_LNBYT5954Z
54849_LNBYT5954Z	54849_LNBYT5954Z
54859_LNBYT5954Z	54859_LNBYT5954Z
55264_LNBYT5954Z	55264_LNBYT5954Z
55286_LNBYT5954Z	55286_LNBYT5954Z
55406_LNBYT5954Z	55406_LNBYT5954Z
55514_LNBYT5954Z	55514_LNBYT5954Z
55658_LNBYT5954Z	55658_LNBYT5954Z
55812_LNBYT5954Z	55812_LNBYT5954Z
55821_LNBYT5954Z	55821_LNBYT5954Z
55891_LNBYT5954Z	55891_LNBYT5954Z
56368_LNBYT5954Z	56368_LNBYT5954Z
56381_LNBYT5954Z	56381_LNBYT5954Z
56647_LNBYT5954Z	56647_LNBYT5954Z
56649_LNBYT5954Z	56649_LNBYT5954Z
57282_LNBYT5954Z	57282_LNBYT5954Z
57384_LNBYT5954Z	57384_LNBYT5954Z
57670_LNBYT5954Z	57670_LNBYT5954Z
58350_LNBYT5954Z	58350_LNBYT5954Z
58910_LNBYT5954Z	58910_LNBYT5954Z
58993_LNBYT5954Z	58993_LNBYT5954Z
59075_LNBYT5954Z	59075_LNBYT5954Z
59303_LNBYT5954Z	59303_LNBYT5954Z
59404_LNBYT5954Z	59404_LNBYT5954Z
40_LNBYT5954Z	40_LNBYT5954Z
6720_LNBYT5954Z	6720_LNBYT5954Z
6915_LNBYT5954Z	6915_LNBYT5954Z
7121_LNBYT5954Z	7121_LNBYT5954Z
7184_LNBYT5954Z	7184_LNBYT5954Z
7515_LNBYT5954Z	7515_LNBYT5954Z
7531_LNBYT5954Z	7531_LNBYT5954Z
7559_LNBYT5954Z	7559_LNBYT5954Z
7563_LNBYT5954Z	7563_LNBYT5954Z
7719_LNBYT5954Z	7719_LNBYT5954Z
7737_LNBYT5954Z	7737_LNBYT5954Z
7782_LNBYT5954Z	7782_LNBYT5954Z
7926_LNBYT5954Z	7926_LNBYT5954Z
8004_LNBYT5954Z	8004_LNBYT5954Z
8041_LNBYT5954Z	8041_LNBYT5954Z
8041_LNBYT5954Z	11001_LNBYT5954Z
8124_LNBYT5954Z	8124_LNBYT5954Z
8318_LNBYT5954Z	8318_LNBYT5954Z
8438_LNBYT5954Z	8438_LNBYT5954Z
8630_LNBYT5954Z	8630_LNBYT5954Z
9106_LNBYT5954Z	9106_LNBYT5954Z
9135_LNBYT5954Z	9135_LNBYT5954Z
9430_LNBYT5954Z	9430_LNBYT5954Z
9532_LNBYT5954Z	9532_LNBYT5954Z
9607_LNBYT5954Z	9607_LNBYT5954Z
9662_LNBYT5954Z	9662_LNBYT5954Z
9701_LNBYT5954Z	9701_LNBYT5954Z
9835_LNBYT5954Z	9835_LNBYT5954Z
10180_LNBYT5954Z	10180_LNBYT5954Z
10182_LNBYT5954Z	10182_LNBYT5954Z
10254_LNBYT5954Z	10254_LNBYT5954Z
10526_LNBYT5954Z	10526_LNBYT5954Z
10590_LNBYT5954Z	10590_LNBYT5954Z
10703_LNBYT5954Z	10703_LNBYT5954Z
10802_LNBYT5954Z	10802_LNBYT5954Z
10856_LNBYT5954Z	10856_LNBYT5954Z
10909_LNBYT5954Z	10909_LNBYT5954Z
11204_LNBYT5954Z	11204_LNBYT5954Z
11461_LNBYT5954Z	11461_LNBYT5954Z
11824_LNBYT5954Z	11824_LNBYT5954Z
11875_LNBYT5954Z	11875_LNBYT5954Z
12046_LNBYT5954Z	12046_LNBYT5954Z
12137_LNBYT5954Z	12137_LNBYT5954Z
12421_LNBYT5954Z	12421_LNBYT5954Z
12536_LNBYT5954Z	12536_LNBYT5954Z
12654_LNBYT5954Z	12654_LNBYT5954Z
12859_LNBYT5954Z	12859_LNBYT5954Z
12933_LNBYT5954Z	12933_LNBYT5954Z
12944_LNBYT5954Z	12944_LNBYT5954Z
13098_LNBYT5954Z	13098_LNBYT5954Z
13353_LNBYT5954Z	13353_LNBYT5954Z
13460_LNBYT5954Z	13460_LNBYT5954Z
13652_LNBYT5954Z	13652_LNBYT5954Z
13755_LNBYT5954Z	13755_LNBYT5954Z
13761_LNBYT5954Z	13761_LNBYT5954Z
13878_LNBYT5954Z	13878_LNBYT5954Z
14192_LNBYT5954Z	14192_LNBYT5954Z
14528_LNBYT5954Z	14528_LNBYT5954Z
14626_LNBYT5954Z	14626_LNBYT5954Z
14875_LNBYT5954Z	14875_LNBYT5954Z
15018_LNBYT5954Z	15018_LNBYT5954Z
15265_LNBYT5954Z	15265_LNBYT5954Z
15528_LNBYT5954Z	15528_LNBYT5954Z
15571_LNBYT5954Z	15571_LNBYT5954Z
15679_LNBYT5954Z	15679_LNBYT5954Z
15751_LNBYT5954Z	15751_LNBYT5954Z
15966_LNBYT5954Z	15966_LNBYT5954Z
16060_LNBYT5954Z	16060_LNBYT5954Z
16111_LNBYT5954Z	16111_LNBYT5954Z
16469_LNBYT5954Z	16469_LNBYT5954Z
16512_LNBYT5954Z	16512_LNBYT5954Z
16627_LNBYT5954Z	16627_LNBYT5954Z
16703_LNBYT5954Z	16703_LNBYT5954Z
16811_LNBYT5954Z	16811_LNBYT5954Z
16812_LNBYT5954Z	16812_LNBYT5954Z
16969_LNBYT5954Z	16969_LNBYT5954Z
17048_LNBYT5954Z	17048_LNBYT5954Z
17426_LNBYT5954Z	17426_LNBYT5954Z
17659_LNBYT5954Z	17659_LNBYT5954Z
18019_LNBYT5954Z	18019_LNBYT5954Z
18109_LNBYT5954Z	18109_LNBYT5954Z
18160_LNBYT5954Z	18160_LNBYT5954Z
18482_LNBYT5954Z	18482_LNBYT5954Z
18555_LNBYT5954Z	18555_LNBYT5954Z
18607_LNBYT5954Z	18607_LNBYT5954Z
18923_LNBYT5954Z	18923_LNBYT5954Z
19029_LNBYT5954Z	19029_LNBYT5954Z
19557_LNBYT5954Z	19557_LNBYT5954Z
19629_LNBYT5954Z	19629_LNBYT5954Z
19776_LNBYT5954Z	19776_LNBYT5954Z
19948_LNBYT5954Z	19948_LNBYT5954Z
20163_LNBYT5954Z	20163_LNBYT5954Z
20318_LNBYT5954Z	20318_LNBYT5954Z
20392_LNBYT5954Z	20392_LNBYT5954Z
20636_LNBYT5954Z	20636_LNBYT5954Z
20826_LNBYT5954Z	20826_LNBYT5954Z
20920_LNBYT5954Z	20920_LNBYT5954Z
20977_LNBYT5954Z	20977_LNBYT5954Z
20990_LNBYT5954Z	20990_LNBYT5954Z
21095_LNBYT5954Z	21095_LNBYT5954Z
