13460_LNBYT5954Z_1	13460_LNBYT5954Z_1
13460_LNBYT5954Z_2	13460_LNBYT5954Z_2
13460_LNBYT5954Z_3	13460_LNBYT5954Z_3
13460_LNBYT5954Z_4	13460_LNBYT5954Z_4
13652_LNBYT5954Z_1	13652_LNBYT5954Z_1
13652_LNBYT5954Z_2	13652_LNBYT5954Z_2
13652_LNBYT5954Z_3	13652_LNBYT5954Z_3
13755_LNBYT5954Z_1	13755_LNBYT5954Z_1
13755_LNBYT5954Z_2	13755_LNBYT5954Z_2
13755_LNBYT5954Z_3	13755_LNBYT5954Z_3
13755_LNBYT5954Z_4	13755_LNBYT5954Z_4
13761_LNBYT5954Z_1	13761_LNBYT5954Z_1
13761_LNBYT5954Z_2	13761_LNBYT5954Z_2
13761_LNBYT5954Z_3	13761_LNBYT5954Z_3
13761_LNBYT5954Z_4	13761_LNBYT5954Z_4
13878_LNBYT5954Z_1	13878_LNBYT5954Z_1
13878_LNBYT5954Z_2	13878_LNBYT5954Z_2
13878_LNBYT5954Z_3	13878_LNBYT5954Z_3
14192_LNBYT5954Z_1	14192_LNBYT5954Z_1
14192_LNBYT5954Z_2	14192_LNBYT5954Z_2
14192_LNBYT5954Z_3	14192_LNBYT5954Z_3
14192_LNBYT5954Z_4	14192_LNBYT5954Z_4
14528_LNBYT5954Z_1	14528_LNBYT5954Z_1
14528_LNBYT5954Z_2	14528_LNBYT5954Z_2
14528_LNBYT5954Z_3	14528_LNBYT5954Z_3
14528_LNBYT5954Z_4	14528_LNBYT5954Z_4
14626_LNBYT5954Z_1	14626_LNBYT5954Z_1
14626_LNBYT5954Z_2	14626_LNBYT5954Z_2
14626_LNBYT5954Z_3	14626_LNBYT5954Z_3
14875_LNBYT5954Z_1	14875_LNBYT5954Z_1
14875_LNBYT5954Z_2	14875_LNBYT5954Z_2
14875_LNBYT5954Z_3	14875_LNBYT5954Z_3
14875_LNBYT5954Z_4	14875_LNBYT5954Z_4
15018_LNBYT5954Z_1	15018_LNBYT5954Z_1
15018_LNBYT5954Z_2	15018_LNBYT5954Z_2
15265_LNBYT5954Z_1	15265_LNBYT5954Z_1
15265_LNBYT5954Z_2	15265_LNBYT5954Z_2
15265_LNBYT5954Z_3	15265_LNBYT5954Z_3
15528_LNBYT5954Z_1	15528_LNBYT5954Z_1
15571_LNBYT5954Z_1	15571_LNBYT5954Z_1
15571_LNBYT5954Z_2	15571_LNBYT5954Z_2
15571_LNBYT5954Z_3	15571_LNBYT5954Z_3
15679_LNBYT5954Z_1	15679_LNBYT5954Z_1
15679_LNBYT5954Z_2	15679_LNBYT5954Z_2
15679_LNBYT5954Z_3	15679_LNBYT5954Z_3
15679_LNBYT5954Z_4	15679_LNBYT5954Z_4
15751_LNBYT5954Z_1	15751_LNBYT5954Z_1
15751_LNBYT5954Z_2	15751_LNBYT5954Z_2
15966_LNBYT5954Z_1	15966_LNBYT5954Z_1
15966_LNBYT5954Z_2	15966_LNBYT5954Z_2
15966_LNBYT5954Z_3	15966_LNBYT5954Z_3
15966_LNBYT5954Z_4	15966_LNBYT5954Z_4
15966_LNBYT5954Z_5	15966_LNBYT5954Z_5
16060_LNBYT5954Z_1	16060_LNBYT5954Z_1
16060_LNBYT5954Z_2	16060_LNBYT5954Z_2
16111_LNBYT5954Z_1	16111_LNBYT5954Z_1
16111_LNBYT5954Z_2	16111_LNBYT5954Z_2
16111_LNBYT5954Z_3	16111_LNBYT5954Z_3
16111_LNBYT5954Z_4	16111_LNBYT5954Z_4
16469_LNBYT5954Z_1	16469_LNBYT5954Z_1
16469_LNBYT5954Z_2	16469_LNBYT5954Z_2
16469_LNBYT5954Z_3	16469_LNBYT5954Z_3
16512_LNBYT5954Z_1	16512_LNBYT5954Z_1
16512_LNBYT5954Z_2	16512_LNBYT5954Z_2
16627_LNBYT5954Z_1	16627_LNBYT5954Z_1
16627_LNBYT5954Z_2	16627_LNBYT5954Z_2
16627_LNBYT5954Z_3	16627_LNBYT5954Z_3
16627_LNBYT5954Z_4	16627_LNBYT5954Z_4
16627_LNBYT5954Z_5	16627_LNBYT5954Z_5
16703_LNBYT5954Z_1	16703_LNBYT5954Z_1
16703_LNBYT5954Z_2	16703_LNBYT5954Z_2
16703_LNBYT5954Z_3	16703_LNBYT5954Z_3
16703_LNBYT5954Z_4	16703_LNBYT5954Z_4
16703_LNBYT5954Z_5	16703_LNBYT5954Z_5
16811_LNBYT5954Z_1	16811_LNBYT5954Z_1
16811_LNBYT5954Z_2	16811_LNBYT5954Z_2
16811_LNBYT5954Z_3	16811_LNBYT5954Z_3
16812_LNBYT5954Z_1	16812_LNBYT5954Z_1
16812_LNBYT5954Z_2	16812_LNBYT5954Z_2
16812_LNBYT5954Z_3	16812_LNBYT5954Z_3
16969_LNBYT5954Z_1	16969_LNBYT5954Z_1
16969_LNBYT5954Z_2	16969_LNBYT5954Z_2
16969_LNBYT5954Z_3	16969_LNBYT5954Z_3
17048_LNBYT5954Z_1	17048_LNBYT5954Z_1
17048_LNBYT5954Z_2	17048_LNBYT5954Z_2
17048_LNBYT5954Z_3	17048_LNBYT5954Z_3
17048_LNBYT5954Z_4	17048_LNBYT5954Z_4
17426_LNBYT5954Z_1	17426_LNBYT5954Z_1
17426_LNBYT5954Z_2	17426_LNBYT5954Z_2
17426_LNBYT5954Z_3	17426_LNBYT5954Z_3
17659_LNBYT5954Z_1	17659_LNBYT5954Z_1
17659_LNBYT5954Z_2	17659_LNBYT5954Z_2
17659_LNBYT5954Z_3	17659_LNBYT5954Z_3
17659_LNBYT5954Z_4	17659_LNBYT5954Z_4
18019_LNBYT5954Z_1	18019_LNBYT5954Z_1
18109_LNBYT5954Z_1	18109_LNBYT5954Z_1
18109_LNBYT5954Z_2	18109_LNBYT5954Z_2
18109_LNBYT5954Z_3	18109_LNBYT5954Z_3
18109_LNBYT5954Z_4	18109_LNBYT5954Z_4
18109_LNBYT5954Z_5	18109_LNBYT5954Z_5
55286_LNBYT5954Z_1	55286_LNBYT5954Z_1
55286_LNBYT5954Z_2	55286_LNBYT5954Z_2
55286_LNBYT5954Z_3	55286_LNBYT5954Z_3
55406_LNBYT5954Z_1	55406_LNBYT5954Z_1
55514_LNBYT5954Z_1	55514_LNBYT5954Z_1
55514_LNBYT5954Z_2	55514_LNBYT5954Z_2
55658_LNBYT5954Z_1	55658_LNBYT5954Z_1
55812_LNBYT5954Z_1	55812_LNBYT5954Z_1
55812_LNBYT5954Z_2	55812_LNBYT5954Z_2
55812_LNBYT5954Z_3	55812_LNBYT5954Z_3
55821_LNBYT5954Z_1	55821_LNBYT5954Z_1
55891_LNBYT5954Z_1	55891_LNBYT5954Z_1
55891_LNBYT5954Z_2	55891_LNBYT5954Z_2
56368_LNBYT5954Z_1	56368_LNBYT5954Z_1
56381_LNBYT5954Z_1	56381_LNBYT5954Z_1
56647_LNBYT5954Z_1	56647_LNBYT5954Z_1
56649_LNBYT5954Z_1	56649_LNBYT5954Z_1
56649_LNBYT5954Z_2	56649_LNBYT5954Z_2
57282_LNBYT5954Z_1	57282_LNBYT5954Z_1
57384_LNBYT5954Z_1	57384_LNBYT5954Z_1
57384_LNBYT5954Z_2	57384_LNBYT5954Z_2
57384_LNBYT5954Z_3	57384_LNBYT5954Z_3
57670_LNBYT5954Z_1	57670_LNBYT5954Z_1
57670_LNBYT5954Z_2	57670_LNBYT5954Z_2
57670_LNBYT5954Z_3	57670_LNBYT5954Z_3
58350_LNBYT5954Z_1	58350_LNBYT5954Z_1
58910_LNBYT5954Z_1	58910_LNBYT5954Z_1
58910_LNBYT5954Z_2	58910_LNBYT5954Z_2
58910_LNBYT5954Z_3	58910_LNBYT5954Z_3
58993_LNBYT5954Z_1	58993_LNBYT5954Z_1
59075_LNBYT5954Z_2	59075_LNBYT5954Z_2
59303_LNBYT5954Z_1	59303_LNBYT5954Z_1
59303_LNBYT5954Z_2	59303_LNBYT5954Z_2
59404_LNBYT5954Z_1	59404_LNBYT5954Z_1
59404_LNBYT5954Z_2	59404_LNBYT5954Z_2
90993_LNBYT5954Z_1	90993_LNBYT5954Z_1
91230_LNBYT5954Z_1	91230_LNBYT5954Z_1
91230_LNBYT5954Z_2	91230_LNBYT5954Z_2
91230_LNBYT5954Z_3	91230_LNBYT5954Z_3
91343_LNBYT5954Z_1	91343_LNBYT5954Z_1
91393_LNBYT5954Z_1	91393_LNBYT5954Z_1
91510_LNBYT5954Z_1	91510_LNBYT5954Z_1
92299_LNBYT5954Z_1	92299_LNBYT5954Z_1
93445_LNBYT5954Z_1	93445_LNBYT5954Z_1
93592_LNBYT5954Z_1	93592_LNBYT5954Z_1
93592_LNBYT5954Z_2	93592_LNBYT5954Z_2
93887_LNBYT5954Z_1	93887_LNBYT5954Z_1
93887_LNBYT5954Z_2	93887_LNBYT5954Z_2
94124_LNBYT5954Z_1	94124_LNBYT5954Z_1
94124_LNBYT5954Z_2	94124_LNBYT5954Z_2
94124_LNBYT5954Z_3	94124_LNBYT5954Z_3
94138_LNBYT5954Z_1	94138_LNBYT5954Z_1
94138_LNBYT5954Z_2	94138_LNBYT5954Z_2
94267_LNBYT5954Z_1	94267_LNBYT5954Z_1
94340_LNBYT5954Z_1	94340_LNBYT5954Z_1
94340_LNBYT5954Z_2	94340_LNBYT5954Z_2
95046_LNBYT5954Z_1	95046_LNBYT5954Z_1
95323_LNBYT5954Z_1	95323_LNBYT5954Z_1
95323_LNBYT5954Z_2	95323_LNBYT5954Z_2
95613_LNBYT5954Z_1	95613_LNBYT5954Z_1
95847_LNBYT5954Z_1	95847_LNBYT5954Z_1
96157_LNBYT5954Z_1	96157_LNBYT5954Z_1
96295_LNBYT5954Z_1	96295_LNBYT5954Z_1
96295_LNBYT5954Z_2	96295_LNBYT5954Z_2
97414_LNBYT5954Z_1	97414_LNBYT5954Z_1
97912_LNBYT5954Z_1	97912_LNBYT5954Z_1
97912_LNBYT5954Z_2	97912_LNBYT5954Z_2
97957_LNBYT5954Z_1	97957_LNBYT5954Z_1
98125_LNBYT5954Z_1	98125_LNBYT5954Z_1
98125_LNBYT5954Z_2	98125_LNBYT5954Z_2
98178_LNBYT5954Z_1	98178_LNBYT5954Z_1
98178_LNBYT5954Z_2	98178_LNBYT5954Z_2
98620_LNBYT5954Z_1	98620_LNBYT5954Z_1
98620_LNBYT5954Z_2	98620_LNBYT5954Z_2
98761_LNBYT5954Z_1	98761_LNBYT5954Z_1
98826_LNBYT5954Z_1	98826_LNBYT5954Z_1
98826_LNBYT5954Z_2	98826_LNBYT5954Z_2
99742_LNBYT5954Z_1	99742_LNBYT5954Z_1
99742_LNBYT5954Z_2	99742_LNBYT5954Z_2
100001_LNBYT5954Z_1	100001_LNBYT5954Z_1
100001_LNBYT5954Z_2	100001_LNBYT5954Z_2
100110_LNBYT5954Z_1	100110_LNBYT5954Z_1
100110_LNBYT5954Z_2	100110_LNBYT5954Z_2
100181_LNBYT5954Z_1	100181_LNBYT5954Z_1
100429_LNBYT5954Z_1	100429_LNBYT5954Z_1
100970_LNBYT5954Z_1	100970_LNBYT5954Z_1
100970_LNBYT5954Z_2	100970_LNBYT5954Z_2
100970_LNBYT5954Z_3	100970_LNBYT5954Z_3
100978_LNBYT5954Z_1	100978_LNBYT5954Z_1
100978_LNBYT5954Z_2	100978_LNBYT5954Z_2
101250_LNBYT5954Z_1	101250_LNBYT5954Z_1
101250_LNBYT5954Z_2	101250_LNBYT5954Z_2
101410_LNBYT5954Z_1	101410_LNBYT5954Z_1
101422_LNBYT5954Z_1	101422_LNBYT5954Z_1
101422_LNBYT5954Z_1	37025_LNBYT5954Z_2
101422_LNBYT5954Z_2	101422_LNBYT5954Z_2
101422_LNBYT5954Z_3	101422_LNBYT5954Z_3
101735_LNBYT5954Z_1	101735_LNBYT5954Z_1
101735_LNBYT5954Z_1	32354_LNBYT5954Z_3
101970_LNBYT5954Z_1	101970_LNBYT5954Z_1
37025_LNBYT5954Z_1	37025_LNBYT5954Z_1
37202_LNBYT5954Z_2	37202_LNBYT5954Z_2
37536_LNBYT5954Z_1	37536_LNBYT5954Z_1
37536_LNBYT5954Z_2	37536_LNBYT5954Z_2
37536_LNBYT5954Z_3	37536_LNBYT5954Z_3
37656_LNBYT5954Z_1	37656_LNBYT5954Z_1
37656_LNBYT5954Z_2	37656_LNBYT5954Z_2
38107_LNBYT5954Z_1	38107_LNBYT5954Z_1
38107_LNBYT5954Z_2	38107_LNBYT5954Z_2
38213_LNBYT5954Z_1	38213_LNBYT5954Z_1
38500_LNBYT5954Z_1	38500_LNBYT5954Z_1
38500_LNBYT5954Z_2	38500_LNBYT5954Z_2
38777_LNBYT5954Z_1	38777_LNBYT5954Z_1
38777_LNBYT5954Z_2	38777_LNBYT5954Z_2
40_LNBYT5954Z_1	40_LNBYT5954Z_1
40_LNBYT5954Z_2	40_LNBYT5954Z_2
40_LNBYT5954Z_3	40_LNBYT5954Z_3
40_LNBYT5954Z_4	40_LNBYT5954Z_4
40_LNBYT5954Z_5	40_LNBYT5954Z_5
40_LNBYT5954Z_6	40_LNBYT5954Z_6
40_LNBYT5954Z_7	40_LNBYT5954Z_7
40_LNBYT5954Z_8	40_LNBYT5954Z_8
40_LNBYT5954Z_9	40_LNBYT5954Z_9
40_LNBYT5954Z_10	40_LNBYT5954Z_10
40_LNBYT5954Z_11	40_LNBYT5954Z_11
40_LNBYT5954Z_12	40_LNBYT5954Z_12
40_LNBYT5954Z_13	40_LNBYT5954Z_13
40_LNBYT5954Z_14	40_LNBYT5954Z_14
40_LNBYT5954Z_15	40_LNBYT5954Z_15
40_LNBYT5954Z_16	40_LNBYT5954Z_16
40_LNBYT5954Z_17	40_LNBYT5954Z_17
40_LNBYT5954Z_18	40_LNBYT5954Z_18
40_LNBYT5954Z_19	40_LNBYT5954Z_19
40_LNBYT5954Z_20	40_LNBYT5954Z_20
40_LNBYT5954Z_21	40_LNBYT5954Z_21
40_LNBYT5954Z_22	40_LNBYT5954Z_22
40_LNBYT5954Z_23	40_LNBYT5954Z_23
40_LNBYT5954Z_24	40_LNBYT5954Z_24
40_LNBYT5954Z_25	40_LNBYT5954Z_25
40_LNBYT5954Z_26	40_LNBYT5954Z_26
40_LNBYT5954Z_27	40_LNBYT5954Z_27
40_LNBYT5954Z_28	40_LNBYT5954Z_28
40_LNBYT5954Z_29	40_LNBYT5954Z_29
40_LNBYT5954Z_30	40_LNBYT5954Z_30
40_LNBYT5954Z_31	40_LNBYT5954Z_31
40_LNBYT5954Z_32	40_LNBYT5954Z_32
40_LNBYT5954Z_33	40_LNBYT5954Z_33
40_LNBYT5954Z_34	40_LNBYT5954Z_34
40_LNBYT5954Z_35	40_LNBYT5954Z_35
40_LNBYT5954Z_36	40_LNBYT5954Z_36
40_LNBYT5954Z_37	40_LNBYT5954Z_37
40_LNBYT5954Z_38	40_LNBYT5954Z_38
40_LNBYT5954Z_39	40_LNBYT5954Z_39
40_LNBYT5954Z_40	40_LNBYT5954Z_40
40_LNBYT5954Z_41	40_LNBYT5954Z_41
40_LNBYT5954Z_42	40_LNBYT5954Z_42
40_LNBYT5954Z_43	40_LNBYT5954Z_43
40_LNBYT5954Z_44	40_LNBYT5954Z_44
40_LNBYT5954Z_45	40_LNBYT5954Z_45
40_LNBYT5954Z_46	40_LNBYT5954Z_46
40_LNBYT5954Z_47	40_LNBYT5954Z_47
40_LNBYT5954Z_48	40_LNBYT5954Z_48
40_LNBYT5954Z_49	40_LNBYT5954Z_49
40_LNBYT5954Z_50	40_LNBYT5954Z_50
40_LNBYT5954Z_51	40_LNBYT5954Z_51
40_LNBYT5954Z_52	40_LNBYT5954Z_52
40_LNBYT5954Z_53	40_LNBYT5954Z_53
40_LNBYT5954Z_54	40_LNBYT5954Z_54
40_LNBYT5954Z_55	40_LNBYT5954Z_55
40_LNBYT5954Z_56	40_LNBYT5954Z_56
40_LNBYT5954Z_57	40_LNBYT5954Z_57
40_LNBYT5954Z_58	40_LNBYT5954Z_58
40_LNBYT5954Z_59	40_LNBYT5954Z_59
40_LNBYT5954Z_60	40_LNBYT5954Z_60
6720_LNBYT5954Z_1	6720_LNBYT5954Z_1
6720_LNBYT5954Z_2	6720_LNBYT5954Z_2
6720_LNBYT5954Z_3	6720_LNBYT5954Z_3
6720_LNBYT5954Z_4	6720_LNBYT5954Z_4
6720_LNBYT5954Z_5	6720_LNBYT5954Z_5
6915_LNBYT5954Z_1	6915_LNBYT5954Z_1
6915_LNBYT5954Z_2	6915_LNBYT5954Z_2
6915_LNBYT5954Z_3	6915_LNBYT5954Z_3
6915_LNBYT5954Z_4	6915_LNBYT5954Z_4
6915_LNBYT5954Z_5	6915_LNBYT5954Z_5
6915_LNBYT5954Z_6	6915_LNBYT5954Z_6
6915_LNBYT5954Z_7	6915_LNBYT5954Z_7
6915_LNBYT5954Z_8	6915_LNBYT5954Z_8
6915_LNBYT5954Z_9	6915_LNBYT5954Z_9
7121_LNBYT5954Z_1	7121_LNBYT5954Z_1
7121_LNBYT5954Z_2	7121_LNBYT5954Z_2
7121_LNBYT5954Z_3	7121_LNBYT5954Z_3
7121_LNBYT5954Z_4	7121_LNBYT5954Z_4
7121_LNBYT5954Z_5	7121_LNBYT5954Z_5
7184_LNBYT5954Z_1	7184_LNBYT5954Z_1
7184_LNBYT5954Z_2	7184_LNBYT5954Z_2
7184_LNBYT5954Z_3	7184_LNBYT5954Z_3
7184_LNBYT5954Z_4	7184_LNBYT5954Z_4
7515_LNBYT5954Z_1	7515_LNBYT5954Z_1
62621_LNBYT5954Z_1	62621_LNBYT5954Z_1
62621_LNBYT5954Z_2	62621_LNBYT5954Z_2
62967_LNBYT5954Z_1	62967_LNBYT5954Z_1
62967_LNBYT5954Z_2	62967_LNBYT5954Z_2
63145_LNBYT5954Z_1	63145_LNBYT5954Z_1
64025_LNBYT5954Z_1	64025_LNBYT5954Z_1
64111_LNBYT5954Z_1	64111_LNBYT5954Z_1
64111_LNBYT5954Z_2	64111_LNBYT5954Z_2
64271_LNBYT5954Z_1	64271_LNBYT5954Z_1
64638_LNBYT5954Z_1	64638_LNBYT5954Z_1
64638_LNBYT5954Z_2	64638_LNBYT5954Z_2
64638_LNBYT5954Z_3	64638_LNBYT5954Z_3
65714_LNBYT5954Z_1	65714_LNBYT5954Z_1
65813_LNBYT5954Z_1	65813_LNBYT5954Z_1
65945_LNBYT5954Z_1	65945_LNBYT5954Z_1
66145_LNBYT5954Z_1	66145_LNBYT5954Z_1
66443_LNBYT5954Z_1	66443_LNBYT5954Z_1
66443_LNBYT5954Z_2	66443_LNBYT5954Z_2
66443_LNBYT5954Z_3	66443_LNBYT5954Z_3
67081_LNBYT5954Z_1	67081_LNBYT5954Z_1
67081_LNBYT5954Z_2	67081_LNBYT5954Z_2
67246_LNBYT5954Z_1	67246_LNBYT5954Z_1
68079_LNBYT5954Z_1	68079_LNBYT5954Z_1
69169_LNBYT5954Z_1	69169_LNBYT5954Z_1
69626_LNBYT5954Z_1	69626_LNBYT5954Z_1
69835_LNBYT5954Z_1	69835_LNBYT5954Z_1
69835_LNBYT5954Z_2	69835_LNBYT5954Z_2
70066_LNBYT5954Z_1	70066_LNBYT5954Z_1
70066_LNBYT5954Z_2	70066_LNBYT5954Z_2
70200_LNBYT5954Z_1	70200_LNBYT5954Z_1
70488_LNBYT5954Z_1	70488_LNBYT5954Z_1
70858_LNBYT5954Z_1	70858_LNBYT5954Z_1
70858_LNBYT5954Z_2	70858_LNBYT5954Z_2
71088_LNBYT5954Z_1	71088_LNBYT5954Z_1
71088_LNBYT5954Z_2	71088_LNBYT5954Z_2
71536_LNBYT5954Z_1	71536_LNBYT5954Z_1
71536_LNBYT5954Z_2	71536_LNBYT5954Z_2
71536_LNBYT5954Z_3	71536_LNBYT5954Z_3
71543_LNBYT5954Z_1	71543_LNBYT5954Z_1
72995_LNBYT5954Z_1	72995_LNBYT5954Z_1
72995_LNBYT5954Z_2	72995_LNBYT5954Z_2
73337_LNBYT5954Z_1	73337_LNBYT5954Z_1
73507_LNBYT5954Z_1	73507_LNBYT5954Z_1
73632_LNBYT5954Z_1	73632_LNBYT5954Z_1
73819_LNBYT5954Z_1	73819_LNBYT5954Z_1
73819_LNBYT5954Z_2	73819_LNBYT5954Z_2
73982_LNBYT5954Z_1	73982_LNBYT5954Z_1
73982_LNBYT5954Z_2	73982_LNBYT5954Z_2
74274_LNBYT5954Z_1	74274_LNBYT5954Z_1
74423_LNBYT5954Z_1	74423_LNBYT5954Z_1
74464_LNBYT5954Z_1	74464_LNBYT5954Z_1
74666_LNBYT5954Z_1	74666_LNBYT5954Z_1
74727_LNBYT5954Z_1	74727_LNBYT5954Z_1
74727_LNBYT5954Z_2	74727_LNBYT5954Z_2
74825_LNBYT5954Z_1	74825_LNBYT5954Z_1
74825_LNBYT5954Z_2	74825_LNBYT5954Z_2
75316_LNBYT5954Z_1	75316_LNBYT5954Z_1
75403_LNBYT5954Z_1	75403_LNBYT5954Z_1
75403_LNBYT5954Z_2	75403_LNBYT5954Z_2
75498_LNBYT5954Z_1	75498_LNBYT5954Z_1
75498_LNBYT5954Z_2	75498_LNBYT5954Z_2
76472_LNBYT5954Z_1	76472_LNBYT5954Z_1
76982_LNBYT5954Z_1	76982_LNBYT5954Z_1
78322_LNBYT5954Z_1	78322_LNBYT5954Z_1
78557_LNBYT5954Z_1	78557_LNBYT5954Z_1
78557_LNBYT5954Z_2	78557_LNBYT5954Z_2
78581_LNBYT5954Z_1	78581_LNBYT5954Z_1
78690_LNBYT5954Z_1	78690_LNBYT5954Z_1
78690_LNBYT5954Z_2	78690_LNBYT5954Z_2
78979_LNBYT5954Z_1	78979_LNBYT5954Z_1
78979_LNBYT5954Z_2	78979_LNBYT5954Z_2
79313_LNBYT5954Z_1	79313_LNBYT5954Z_1
79313_LNBYT5954Z_2	79313_LNBYT5954Z_2
79892_LNBYT5954Z_1	79892_LNBYT5954Z_1
80167_LNBYT5954Z_1	80167_LNBYT5954Z_1
80275_LNBYT5954Z_1	80275_LNBYT5954Z_1
80275_LNBYT5954Z_2	80275_LNBYT5954Z_2
80388_LNBYT5954Z_1	80388_LNBYT5954Z_1
80388_LNBYT5954Z_2	80388_LNBYT5954Z_2
80388_LNBYT5954Z_3	80388_LNBYT5954Z_3
80396_LNBYT5954Z_1	80396_LNBYT5954Z_1
80778_LNBYT5954Z_1	80778_LNBYT5954Z_1
80778_LNBYT5954Z_2	80778_LNBYT5954Z_2
80940_LNBYT5954Z_1	80940_LNBYT5954Z_1
118_LNBYT5954Z_1	118_LNBYT5954Z_1
118_LNBYT5954Z_2	118_LNBYT5954Z_2
118_LNBYT5954Z_3	118_LNBYT5954Z_3
118_LNBYT5954Z_4	118_LNBYT5954Z_4
118_LNBYT5954Z_5	118_LNBYT5954Z_5
118_LNBYT5954Z_6	118_LNBYT5954Z_6
118_LNBYT5954Z_7	118_LNBYT5954Z_7
118_LNBYT5954Z_8	118_LNBYT5954Z_8
118_LNBYT5954Z_9	118_LNBYT5954Z_9
118_LNBYT5954Z_10	118_LNBYT5954Z_10
118_LNBYT5954Z_11	118_LNBYT5954Z_11
118_LNBYT5954Z_12	118_LNBYT5954Z_12
118_LNBYT5954Z_13	118_LNBYT5954Z_13
118_LNBYT5954Z_14	118_LNBYT5954Z_14
118_LNBYT5954Z_15	118_LNBYT5954Z_15
118_LNBYT5954Z_16	118_LNBYT5954Z_16
92_LNBYT5954Z_28	92_LNBYT5954Z_28
92_LNBYT5954Z_29	92_LNBYT5954Z_29
30635_LNBYT5954Z_1	30635_LNBYT5954Z_1
30635_LNBYT5954Z_2	30635_LNBYT5954Z_2
31412_LNBYT5954Z_1	31412_LNBYT5954Z_1
31412_LNBYT5954Z_2	31412_LNBYT5954Z_2
31412_LNBYT5954Z_3	31412_LNBYT5954Z_3
31450_LNBYT5954Z_1	31450_LNBYT5954Z_1
31572_LNBYT5954Z_1	31572_LNBYT5954Z_1
31572_LNBYT5954Z_2	31572_LNBYT5954Z_2
31572_LNBYT5954Z_3	31572_LNBYT5954Z_3
31607_LNBYT5954Z_1	31607_LNBYT5954Z_1
31632_LNBYT5954Z_1	31632_LNBYT5954Z_1
31632_LNBYT5954Z_2	31632_LNBYT5954Z_2
31632_LNBYT5954Z_3	31632_LNBYT5954Z_3
31923_LNBYT5954Z_1	31923_LNBYT5954Z_1
31923_LNBYT5954Z_2	31923_LNBYT5954Z_2
31923_LNBYT5954Z_3	31923_LNBYT5954Z_3
31923_LNBYT5954Z_3	31923_LNBYT5954Z_4
32264_LNBYT5954Z_1	32264_LNBYT5954Z_1
32351_LNBYT5954Z_1	32351_LNBYT5954Z_1
32354_LNBYT5954Z_1	32354_LNBYT5954Z_1
32354_LNBYT5954Z_2	32354_LNBYT5954Z_2
32455_LNBYT5954Z_1	32455_LNBYT5954Z_1
32455_LNBYT5954Z_2	32455_LNBYT5954Z_2
32455_LNBYT5954Z_3	32455_LNBYT5954Z_3
32563_LNBYT5954Z_1	32563_LNBYT5954Z_1
32682_LNBYT5954Z_1	32682_LNBYT5954Z_1
32682_LNBYT5954Z_2	32682_LNBYT5954Z_2
33043_LNBYT5954Z_1	33043_LNBYT5954Z_1
33043_LNBYT5954Z_2	33043_LNBYT5954Z_2
33043_LNBYT5954Z_3	33043_LNBYT5954Z_3
33043_LNBYT5954Z_4	33043_LNBYT5954Z_4
33097_LNBYT5954Z_1	33097_LNBYT5954Z_1
33097_LNBYT5954Z_2	33097_LNBYT5954Z_2
33097_LNBYT5954Z_3	33097_LNBYT5954Z_3
33097_LNBYT5954Z_4	33097_LNBYT5954Z_4
33306_LNBYT5954Z_1	33306_LNBYT5954Z_1
33306_LNBYT5954Z_2	33306_LNBYT5954Z_2
33306_LNBYT5954Z_3	33306_LNBYT5954Z_3
33386_LNBYT5954Z_1	33386_LNBYT5954Z_1
33386_LNBYT5954Z_2	33386_LNBYT5954Z_2
33603_LNBYT5954Z_1	33603_LNBYT5954Z_1
33603_LNBYT5954Z_2	33603_LNBYT5954Z_2
33603_LNBYT5954Z_3	33603_LNBYT5954Z_3
33616_LNBYT5954Z_1	33616_LNBYT5954Z_1
33616_LNBYT5954Z_2	33616_LNBYT5954Z_2
33616_LNBYT5954Z_3	33616_LNBYT5954Z_3
33766_LNBYT5954Z_1	33766_LNBYT5954Z_1
33766_LNBYT5954Z_2	33766_LNBYT5954Z_2
33813_LNBYT5954Z_1	33813_LNBYT5954Z_1
33813_LNBYT5954Z_2	33813_LNBYT5954Z_2
33813_LNBYT5954Z_3	33813_LNBYT5954Z_3
34096_LNBYT5954Z_1	34096_LNBYT5954Z_1
34096_LNBYT5954Z_2	34096_LNBYT5954Z_2
34096_LNBYT5954Z_3	34096_LNBYT5954Z_3
34359_LNBYT5954Z_1	34359_LNBYT5954Z_1
34359_LNBYT5954Z_2	34359_LNBYT5954Z_2
34643_LNBYT5954Z_1	34643_LNBYT5954Z_1
34643_LNBYT5954Z_2	34643_LNBYT5954Z_2
34736_LNBYT5954Z_1	34736_LNBYT5954Z_1
34736_LNBYT5954Z_2	34736_LNBYT5954Z_2
34745_LNBYT5954Z_1	34745_LNBYT5954Z_1
34745_LNBYT5954Z_2	34745_LNBYT5954Z_2
35116_LNBYT5954Z_1	35116_LNBYT5954Z_1
35116_LNBYT5954Z_2	35116_LNBYT5954Z_2
35364_LNBYT5954Z_1	35364_LNBYT5954Z_1
35364_LNBYT5954Z_2	35364_LNBYT5954Z_2
35364_LNBYT5954Z_3	35364_LNBYT5954Z_3
36012_LNBYT5954Z_1	36012_LNBYT5954Z_1
36012_LNBYT5954Z_2	36012_LNBYT5954Z_2
36012_LNBYT5954Z_3	36012_LNBYT5954Z_3
36084_LNBYT5954Z_1	36084_LNBYT5954Z_1
36084_LNBYT5954Z_2	36084_LNBYT5954Z_2
36084_LNBYT5954Z_3	36084_LNBYT5954Z_3
36279_LNBYT5954Z_1	36279_LNBYT5954Z_1
36279_LNBYT5954Z_2	36279_LNBYT5954Z_2
36279_LNBYT5954Z_3	36279_LNBYT5954Z_3
36494_LNBYT5954Z_1	36494_LNBYT5954Z_1
36494_LNBYT5954Z_2	36494_LNBYT5954Z_2
36539_LNBYT5954Z_1	36539_LNBYT5954Z_1
36553_LNBYT5954Z_1	36553_LNBYT5954Z_1
36553_LNBYT5954Z_2	36553_LNBYT5954Z_2
36553_LNBYT5954Z_3	36553_LNBYT5954Z_3
36553_LNBYT5954Z_4	36553_LNBYT5954Z_4
36666_LNBYT5954Z_1	36666_LNBYT5954Z_1
36666_LNBYT5954Z_2	36666_LNBYT5954Z_2
36666_LNBYT5954Z_3	36666_LNBYT5954Z_3
36666_LNBYT5954Z_4	36666_LNBYT5954Z_4
36699_LNBYT5954Z_1	36699_LNBYT5954Z_1
36765_LNBYT5954Z_1	36765_LNBYT5954Z_1
36765_LNBYT5954Z_2	36765_LNBYT5954Z_2
36765_LNBYT5954Z_3	36765_LNBYT5954Z_3
36952_LNBYT5954Z_1	36952_LNBYT5954Z_1
36952_LNBYT5954Z_2	36952_LNBYT5954Z_2
36952_LNBYT5954Z_3	36952_LNBYT5954Z_3
37021_LNBYT5954Z_1	37021_LNBYT5954Z_1
37021_LNBYT5954Z_2	37021_LNBYT5954Z_2
37021_LNBYT5954Z_3	37021_LNBYT5954Z_3
118_LNBYT5954Z_17	118_LNBYT5954Z_17
118_LNBYT5954Z_18	118_LNBYT5954Z_18
118_LNBYT5954Z_19	118_LNBYT5954Z_19
118_LNBYT5954Z_20	118_LNBYT5954Z_20
118_LNBYT5954Z_21	118_LNBYT5954Z_21
118_LNBYT5954Z_22	118_LNBYT5954Z_22
118_LNBYT5954Z_23	118_LNBYT5954Z_23
118_LNBYT5954Z_24	118_LNBYT5954Z_24
118_LNBYT5954Z_25	118_LNBYT5954Z_25
118_LNBYT5954Z_26	118_LNBYT5954Z_26
118_LNBYT5954Z_27	118_LNBYT5954Z_27
118_LNBYT5954Z_28	118_LNBYT5954Z_28
118_LNBYT5954Z_29	118_LNBYT5954Z_29
118_LNBYT5954Z_30	118_LNBYT5954Z_30
118_LNBYT5954Z_31	118_LNBYT5954Z_31
81377_LNBYT5954Z_1	81377_LNBYT5954Z_1
81401_LNBYT5954Z_1	81401_LNBYT5954Z_1
81401_LNBYT5954Z_2	81401_LNBYT5954Z_2
81898_LNBYT5954Z_1	81898_LNBYT5954Z_1
81947_LNBYT5954Z_1	81947_LNBYT5954Z_1
81947_LNBYT5954Z_2	81947_LNBYT5954Z_2
82064_LNBYT5954Z_1	82064_LNBYT5954Z_1
82064_LNBYT5954Z_2	82064_LNBYT5954Z_2
82675_LNBYT5954Z_1	82675_LNBYT5954Z_1
82675_LNBYT5954Z_2	82675_LNBYT5954Z_2
82675_LNBYT5954Z_3	82675_LNBYT5954Z_3
83469_LNBYT5954Z_1	83469_LNBYT5954Z_1
83469_LNBYT5954Z_2	83469_LNBYT5954Z_2
83469_LNBYT5954Z_2	59075_LNBYT5954Z_1
83469_LNBYT5954Z_3	83469_LNBYT5954Z_3
83488_LNBYT5954Z_1	83488_LNBYT5954Z_1
83488_LNBYT5954Z_2	83488_LNBYT5954Z_2
83654_LNBYT5954Z_1	83654_LNBYT5954Z_1
83654_LNBYT5954Z_2	83654_LNBYT5954Z_2
83875_LNBYT5954Z_1	83875_LNBYT5954Z_1
83875_LNBYT5954Z_2	83875_LNBYT5954Z_2
84307_LNBYT5954Z_1	84307_LNBYT5954Z_1
84362_LNBYT5954Z_1	84362_LNBYT5954Z_1
84362_LNBYT5954Z_2	84362_LNBYT5954Z_2
84607_LNBYT5954Z_1	84607_LNBYT5954Z_1
84715_LNBYT5954Z_1	84715_LNBYT5954Z_1
84715_LNBYT5954Z_2	84715_LNBYT5954Z_2
84715_LNBYT5954Z_3	84715_LNBYT5954Z_3
84974_LNBYT5954Z_1	84974_LNBYT5954Z_1
84974_LNBYT5954Z_2	84974_LNBYT5954Z_2
84974_LNBYT5954Z_3	84974_LNBYT5954Z_3
85179_LNBYT5954Z_1	85179_LNBYT5954Z_1
85179_LNBYT5954Z_2	85179_LNBYT5954Z_2
85922_LNBYT5954Z_1	85922_LNBYT5954Z_1
86039_LNBYT5954Z_1	86039_LNBYT5954Z_1
86065_LNBYT5954Z_1	86065_LNBYT5954Z_1
86367_LNBYT5954Z_1	86367_LNBYT5954Z_1
86795_LNBYT5954Z_1	86795_LNBYT5954Z_1
86924_LNBYT5954Z_1	86924_LNBYT5954Z_1
87053_LNBYT5954Z_1	87053_LNBYT5954Z_1
87053_LNBYT5954Z_2	87053_LNBYT5954Z_2
87184_LNBYT5954Z_1	87184_LNBYT5954Z_1
87184_LNBYT5954Z_2	87184_LNBYT5954Z_2
87515_LNBYT5954Z_1	87515_LNBYT5954Z_1
87878_LNBYT5954Z_1	87878_LNBYT5954Z_1
87878_LNBYT5954Z_2	87878_LNBYT5954Z_2
88279_LNBYT5954Z_1	88279_LNBYT5954Z_1
88279_LNBYT5954Z_2	88279_LNBYT5954Z_2
88587_LNBYT5954Z_1	88587_LNBYT5954Z_1
89223_LNBYT5954Z_1	89223_LNBYT5954Z_1
89384_LNBYT5954Z_1	89384_LNBYT5954Z_1
89486_LNBYT5954Z_1	89486_LNBYT5954Z_1
89486_LNBYT5954Z_2	89486_LNBYT5954Z_2
89790_LNBYT5954Z_1	89790_LNBYT5954Z_1
90111_LNBYT5954Z_1	90111_LNBYT5954Z_1
90610_LNBYT5954Z_1	90610_LNBYT5954Z_1
90710_LNBYT5954Z_1	90710_LNBYT5954Z_1
90945_LNBYT5954Z_1	90945_LNBYT5954Z_1
90945_LNBYT5954Z_2	90945_LNBYT5954Z_2
18160_LNBYT5954Z_1	18160_LNBYT5954Z_1
18160_LNBYT5954Z_2	18160_LNBYT5954Z_2
18482_LNBYT5954Z_1	18482_LNBYT5954Z_1
18482_LNBYT5954Z_2	18482_LNBYT5954Z_2
18555_LNBYT5954Z_1	18555_LNBYT5954Z_1
18607_LNBYT5954Z_1	18607_LNBYT5954Z_1
18607_LNBYT5954Z_2	18607_LNBYT5954Z_2
18607_LNBYT5954Z_3	18607_LNBYT5954Z_3
18607_LNBYT5954Z_4	18607_LNBYT5954Z_4
18607_LNBYT5954Z_5	18607_LNBYT5954Z_5
18923_LNBYT5954Z_1	18923_LNBYT5954Z_1
18923_LNBYT5954Z_2	18923_LNBYT5954Z_2
18923_LNBYT5954Z_3	18923_LNBYT5954Z_3
19029_LNBYT5954Z_1	19029_LNBYT5954Z_1
19029_LNBYT5954Z_2	19029_LNBYT5954Z_2
19029_LNBYT5954Z_3	19029_LNBYT5954Z_3
19557_LNBYT5954Z_1	19557_LNBYT5954Z_1
19557_LNBYT5954Z_2	19557_LNBYT5954Z_2
19557_LNBYT5954Z_3	19557_LNBYT5954Z_3
19629_LNBYT5954Z_1	19629_LNBYT5954Z_1
19629_LNBYT5954Z_2	19629_LNBYT5954Z_2
19629_LNBYT5954Z_3	19629_LNBYT5954Z_3
19776_LNBYT5954Z_1	19776_LNBYT5954Z_1
19776_LNBYT5954Z_2	19776_LNBYT5954Z_2
19776_LNBYT5954Z_3	19776_LNBYT5954Z_3
19948_LNBYT5954Z_1	19948_LNBYT5954Z_1
20163_LNBYT5954Z_1	20163_LNBYT5954Z_1
20163_LNBYT5954Z_2	20163_LNBYT5954Z_2
20163_LNBYT5954Z_3	20163_LNBYT5954Z_3
20163_LNBYT5954Z_4	20163_LNBYT5954Z_4
20163_LNBYT5954Z_5	20163_LNBYT5954Z_5
20163_LNBYT5954Z_6	20163_LNBYT5954Z_6
20318_LNBYT5954Z_1	20318_LNBYT5954Z_1
20318_LNBYT5954Z_2	20318_LNBYT5954Z_2
20318_LNBYT5954Z_3	20318_LNBYT5954Z_3
20392_LNBYT5954Z_1	20392_LNBYT5954Z_1
20392_LNBYT5954Z_2	20392_LNBYT5954Z_2
20392_LNBYT5954Z_3	20392_LNBYT5954Z_3
20636_LNBYT5954Z_1	20636_LNBYT5954Z_1
20636_LNBYT5954Z_2	20636_LNBYT5954Z_2
20636_LNBYT5954Z_3	20636_LNBYT5954Z_3
20826_LNBYT5954Z_1	20826_LNBYT5954Z_1
20920_LNBYT5954Z_1	20920_LNBYT5954Z_1
20920_LNBYT5954Z_2	20920_LNBYT5954Z_2
20920_LNBYT5954Z_3	20920_LNBYT5954Z_3
20920_LNBYT5954Z_4	20920_LNBYT5954Z_4
20977_LNBYT5954Z_1	20977_LNBYT5954Z_1
20977_LNBYT5954Z_2	20977_LNBYT5954Z_2
20977_LNBYT5954Z_3	20977_LNBYT5954Z_3
20977_LNBYT5954Z_4	20977_LNBYT5954Z_4
20990_LNBYT5954Z_1	20990_LNBYT5954Z_1
20990_LNBYT5954Z_2	20990_LNBYT5954Z_2
20990_LNBYT5954Z_3	20990_LNBYT5954Z_3
21095_LNBYT5954Z_1	21095_LNBYT5954Z_1
21095_LNBYT5954Z_2	21095_LNBYT5954Z_2
21095_LNBYT5954Z_3	21095_LNBYT5954Z_3
38835_LNBYT5954Z_1	38835_LNBYT5954Z_1
38968_LNBYT5954Z_1	38968_LNBYT5954Z_1
38968_LNBYT5954Z_2	38968_LNBYT5954Z_2
39016_LNBYT5954Z_1	39016_LNBYT5954Z_1
39016_LNBYT5954Z_2	39016_LNBYT5954Z_2
39261_LNBYT5954Z_1	39261_LNBYT5954Z_1
39550_LNBYT5954Z_1	39550_LNBYT5954Z_1
39745_LNBYT5954Z_1	39745_LNBYT5954Z_1
39996_LNBYT5954Z_1	39996_LNBYT5954Z_1
40419_LNBYT5954Z_1	40419_LNBYT5954Z_1
40419_LNBYT5954Z_2	40419_LNBYT5954Z_2
40419_LNBYT5954Z_3	40419_LNBYT5954Z_3
40453_LNBYT5954Z_1	40453_LNBYT5954Z_1
40453_LNBYT5954Z_2	40453_LNBYT5954Z_2
40579_LNBYT5954Z_1	40579_LNBYT5954Z_1
40906_LNBYT5954Z_1	40906_LNBYT5954Z_1
40906_LNBYT5954Z_2	40906_LNBYT5954Z_2
41014_LNBYT5954Z_1	41014_LNBYT5954Z_1
41014_LNBYT5954Z_2	41014_LNBYT5954Z_2
41014_LNBYT5954Z_3	41014_LNBYT5954Z_3
41026_LNBYT5954Z_1	41026_LNBYT5954Z_1
41026_LNBYT5954Z_2	41026_LNBYT5954Z_2
41026_LNBYT5954Z_3	41026_LNBYT5954Z_3
41036_LNBYT5954Z_1	41036_LNBYT5954Z_1
41036_LNBYT5954Z_2	41036_LNBYT5954Z_2
41086_LNBYT5954Z_1	41086_LNBYT5954Z_1
41086_LNBYT5954Z_2	41086_LNBYT5954Z_2
41086_LNBYT5954Z_3	41086_LNBYT5954Z_3
41244_LNBYT5954Z_1	41244_LNBYT5954Z_1
41278_LNBYT5954Z_1	41278_LNBYT5954Z_1
41278_LNBYT5954Z_2	41278_LNBYT5954Z_2
41278_LNBYT5954Z_3	41278_LNBYT5954Z_3
41604_LNBYT5954Z_1	41604_LNBYT5954Z_1
41604_LNBYT5954Z_2	41604_LNBYT5954Z_2
41604_LNBYT5954Z_3	41604_LNBYT5954Z_3
41685_LNBYT5954Z_1	41685_LNBYT5954Z_1
41685_LNBYT5954Z_2	41685_LNBYT5954Z_2
42248_LNBYT5954Z_1	42248_LNBYT5954Z_1
42248_LNBYT5954Z_2	42248_LNBYT5954Z_2
42493_LNBYT5954Z_1	42493_LNBYT5954Z_1
42493_LNBYT5954Z_2	42493_LNBYT5954Z_2
42523_LNBYT5954Z_1	42523_LNBYT5954Z_1
42523_LNBYT5954Z_2	42523_LNBYT5954Z_2
42523_LNBYT5954Z_3	42523_LNBYT5954Z_3
28403_LNBYT5954Z_3	28403_LNBYT5954Z_3
28403_LNBYT5954Z_4	28403_LNBYT5954Z_4
28403_LNBYT5954Z_5	28403_LNBYT5954Z_5
28403_LNBYT5954Z_6	28403_LNBYT5954Z_6
28407_LNBYT5954Z_1	28407_LNBYT5954Z_1
28407_LNBYT5954Z_2	28407_LNBYT5954Z_2
28418_LNBYT5954Z_1	28418_LNBYT5954Z_1
28418_LNBYT5954Z_2	28418_LNBYT5954Z_2
28634_LNBYT5954Z_1	28634_LNBYT5954Z_1
28634_LNBYT5954Z_2	28634_LNBYT5954Z_2
28672_LNBYT5954Z_1	28672_LNBYT5954Z_1
28672_LNBYT5954Z_2	28672_LNBYT5954Z_2
28694_LNBYT5954Z_1	28694_LNBYT5954Z_1
28770_LNBYT5954Z_1	28770_LNBYT5954Z_1
28770_LNBYT5954Z_2	28770_LNBYT5954Z_2
28770_LNBYT5954Z_3	28770_LNBYT5954Z_3
28946_LNBYT5954Z_1	28946_LNBYT5954Z_1
28946_LNBYT5954Z_2	28946_LNBYT5954Z_2
28946_LNBYT5954Z_3	28946_LNBYT5954Z_3
28946_LNBYT5954Z_4	28946_LNBYT5954Z_4
28946_LNBYT5954Z_5	28946_LNBYT5954Z_5
29195_LNBYT5954Z_1	29195_LNBYT5954Z_1
29195_LNBYT5954Z_2	29195_LNBYT5954Z_2
29195_LNBYT5954Z_3	29195_LNBYT5954Z_3
29546_LNBYT5954Z_1	29546_LNBYT5954Z_1
29546_LNBYT5954Z_2	29546_LNBYT5954Z_2
29546_LNBYT5954Z_3	29546_LNBYT5954Z_3
29614_LNBYT5954Z_1	29614_LNBYT5954Z_1
29707_LNBYT5954Z_1	29707_LNBYT5954Z_1
29707_LNBYT5954Z_2	29707_LNBYT5954Z_2
44_LNBYT5954Z_1	44_LNBYT5954Z_1
44_LNBYT5954Z_2	44_LNBYT5954Z_2
44_LNBYT5954Z_3	44_LNBYT5954Z_3
44_LNBYT5954Z_4	44_LNBYT5954Z_4
44_LNBYT5954Z_5	44_LNBYT5954Z_5
44_LNBYT5954Z_6	44_LNBYT5954Z_6
44_LNBYT5954Z_7	44_LNBYT5954Z_7
44_LNBYT5954Z_8	44_LNBYT5954Z_8
44_LNBYT5954Z_9	44_LNBYT5954Z_9
44_LNBYT5954Z_10	44_LNBYT5954Z_10
44_LNBYT5954Z_11	44_LNBYT5954Z_11
44_LNBYT5954Z_12	44_LNBYT5954Z_12
44_LNBYT5954Z_13	44_LNBYT5954Z_13
44_LNBYT5954Z_14	44_LNBYT5954Z_14
44_LNBYT5954Z_15	44_LNBYT5954Z_15
44_LNBYT5954Z_16	44_LNBYT5954Z_16
44_LNBYT5954Z_17	44_LNBYT5954Z_17
44_LNBYT5954Z_18	44_LNBYT5954Z_18
44_LNBYT5954Z_19	44_LNBYT5954Z_19
44_LNBYT5954Z_20	44_LNBYT5954Z_20
44_LNBYT5954Z_21	44_LNBYT5954Z_21
44_LNBYT5954Z_22	44_LNBYT5954Z_22
44_LNBYT5954Z_23	44_LNBYT5954Z_23
44_LNBYT5954Z_24	44_LNBYT5954Z_24
44_LNBYT5954Z_25	44_LNBYT5954Z_25
44_LNBYT5954Z_26	44_LNBYT5954Z_26
44_LNBYT5954Z_27	44_LNBYT5954Z_27
44_LNBYT5954Z_28	44_LNBYT5954Z_28
44_LNBYT5954Z_29	44_LNBYT5954Z_29
44_LNBYT5954Z_30	44_LNBYT5954Z_30
44_LNBYT5954Z_31	44_LNBYT5954Z_31
44_LNBYT5954Z_32	44_LNBYT5954Z_32
44_LNBYT5954Z_33	44_LNBYT5954Z_33
44_LNBYT5954Z_34	44_LNBYT5954Z_34
44_LNBYT5954Z_35	44_LNBYT5954Z_35
44_LNBYT5954Z_36	44_LNBYT5954Z_36
44_LNBYT5954Z_37	44_LNBYT5954Z_37
44_LNBYT5954Z_38	44_LNBYT5954Z_38
44_LNBYT5954Z_39	44_LNBYT5954Z_39
44_LNBYT5954Z_40	44_LNBYT5954Z_40
44_LNBYT5954Z_41	44_LNBYT5954Z_41
44_LNBYT5954Z_42	44_LNBYT5954Z_42
44_LNBYT5954Z_43	44_LNBYT5954Z_43
92_LNBYT5954Z_1	92_LNBYT5954Z_1
92_LNBYT5954Z_2	92_LNBYT5954Z_2
92_LNBYT5954Z_3	92_LNBYT5954Z_3
92_LNBYT5954Z_4	92_LNBYT5954Z_4
92_LNBYT5954Z_5	92_LNBYT5954Z_5
92_LNBYT5954Z_6	92_LNBYT5954Z_6
92_LNBYT5954Z_7	92_LNBYT5954Z_7
92_LNBYT5954Z_8	92_LNBYT5954Z_8
92_LNBYT5954Z_9	92_LNBYT5954Z_9
92_LNBYT5954Z_10	92_LNBYT5954Z_10
92_LNBYT5954Z_11	92_LNBYT5954Z_11
92_LNBYT5954Z_12	92_LNBYT5954Z_12
92_LNBYT5954Z_13	92_LNBYT5954Z_13
92_LNBYT5954Z_14	92_LNBYT5954Z_14
92_LNBYT5954Z_15	92_LNBYT5954Z_15
92_LNBYT5954Z_16	92_LNBYT5954Z_16
92_LNBYT5954Z_17	92_LNBYT5954Z_17
92_LNBYT5954Z_18	92_LNBYT5954Z_18
92_LNBYT5954Z_19	92_LNBYT5954Z_19
92_LNBYT5954Z_20	92_LNBYT5954Z_20
92_LNBYT5954Z_21	92_LNBYT5954Z_21
92_LNBYT5954Z_22	92_LNBYT5954Z_22
92_LNBYT5954Z_23	92_LNBYT5954Z_23
92_LNBYT5954Z_24	92_LNBYT5954Z_24
92_LNBYT5954Z_25	92_LNBYT5954Z_25
92_LNBYT5954Z_26	92_LNBYT5954Z_26
92_LNBYT5954Z_27	92_LNBYT5954Z_27
7515_LNBYT5954Z_2	7515_LNBYT5954Z_2
7515_LNBYT5954Z_3	7515_LNBYT5954Z_3
7515_LNBYT5954Z_4	7515_LNBYT5954Z_4
7515_LNBYT5954Z_5	7515_LNBYT5954Z_5
7515_LNBYT5954Z_6	7515_LNBYT5954Z_6
7531_LNBYT5954Z_1	7531_LNBYT5954Z_1
7531_LNBYT5954Z_2	7531_LNBYT5954Z_2
7531_LNBYT5954Z_3	7531_LNBYT5954Z_3
7559_LNBYT5954Z_1	7559_LNBYT5954Z_1
7559_LNBYT5954Z_2	7559_LNBYT5954Z_2
7559_LNBYT5954Z_3	7559_LNBYT5954Z_3
7559_LNBYT5954Z_4	7559_LNBYT5954Z_4
7563_LNBYT5954Z_1	7563_LNBYT5954Z_1
7563_LNBYT5954Z_2	7563_LNBYT5954Z_2
7563_LNBYT5954Z_3	7563_LNBYT5954Z_3
7563_LNBYT5954Z_4	7563_LNBYT5954Z_4
7563_LNBYT5954Z_5	7563_LNBYT5954Z_5
7563_LNBYT5954Z_6	7563_LNBYT5954Z_6
7563_LNBYT5954Z_7	7563_LNBYT5954Z_7
7719_LNBYT5954Z_1	7719_LNBYT5954Z_1
7719_LNBYT5954Z_2	7719_LNBYT5954Z_2
7719_LNBYT5954Z_3	7719_LNBYT5954Z_3
7719_LNBYT5954Z_4	7719_LNBYT5954Z_4
7719_LNBYT5954Z_5	7719_LNBYT5954Z_5
7719_LNBYT5954Z_6	7719_LNBYT5954Z_6
7719_LNBYT5954Z_7	7719_LNBYT5954Z_7
7719_LNBYT5954Z_8	7719_LNBYT5954Z_8
7719_LNBYT5954Z_9	7719_LNBYT5954Z_9
7737_LNBYT5954Z_1	7737_LNBYT5954Z_1
7737_LNBYT5954Z_1	10909_LNBYT5954Z_1
7737_LNBYT5954Z_2	7737_LNBYT5954Z_2
7737_LNBYT5954Z_3	7737_LNBYT5954Z_3
7782_LNBYT5954Z_1	7782_LNBYT5954Z_1
7782_LNBYT5954Z_2	7782_LNBYT5954Z_2
7782_LNBYT5954Z_3	7782_LNBYT5954Z_3
7782_LNBYT5954Z_4	7782_LNBYT5954Z_4
7782_LNBYT5954Z_5	7782_LNBYT5954Z_5
7926_LNBYT5954Z_1	7926_LNBYT5954Z_1
7926_LNBYT5954Z_2	7926_LNBYT5954Z_2
7926_LNBYT5954Z_3	7926_LNBYT5954Z_3
7926_LNBYT5954Z_4	7926_LNBYT5954Z_4
8004_LNBYT5954Z_1	8004_LNBYT5954Z_1
8004_LNBYT5954Z_2	8004_LNBYT5954Z_2
8004_LNBYT5954Z_3	8004_LNBYT5954Z_3
8041_LNBYT5954Z_1	8041_LNBYT5954Z_1
8041_LNBYT5954Z_2	8041_LNBYT5954Z_2
8041_LNBYT5954Z_3	8041_LNBYT5954Z_3
8041_LNBYT5954Z_4	8041_LNBYT5954Z_4
8041_LNBYT5954Z_5	8041_LNBYT5954Z_5
8041_LNBYT5954Z_6	8041_LNBYT5954Z_6
8041_LNBYT5954Z_7	8041_LNBYT5954Z_7
8041_LNBYT5954Z_8	8041_LNBYT5954Z_8
8041_LNBYT5954Z_9	8041_LNBYT5954Z_9
8041_LNBYT5954Z_10	8041_LNBYT5954Z_10
8041_LNBYT5954Z_11	8041_LNBYT5954Z_11
8041_LNBYT5954Z_12	8041_LNBYT5954Z_12
8041_LNBYT5954Z_13	8041_LNBYT5954Z_13
8041_LNBYT5954Z_14	8041_LNBYT5954Z_14
8041_LNBYT5954Z_15	8041_LNBYT5954Z_15
8124_LNBYT5954Z_1	8124_LNBYT5954Z_1
8124_LNBYT5954Z_2	8124_LNBYT5954Z_2
8124_LNBYT5954Z_3	8124_LNBYT5954Z_3
8124_LNBYT5954Z_4	8124_LNBYT5954Z_4
8318_LNBYT5954Z_1	8318_LNBYT5954Z_1
8318_LNBYT5954Z_2	8318_LNBYT5954Z_2
8438_LNBYT5954Z_1	8438_LNBYT5954Z_1
8438_LNBYT5954Z_2	8438_LNBYT5954Z_2
8438_LNBYT5954Z_3	8438_LNBYT5954Z_3
8438_LNBYT5954Z_4	8438_LNBYT5954Z_4
8630_LNBYT5954Z_1	8630_LNBYT5954Z_1
8630_LNBYT5954Z_2	8630_LNBYT5954Z_2
8630_LNBYT5954Z_3	8630_LNBYT5954Z_3
9106_LNBYT5954Z_1	9106_LNBYT5954Z_1
9106_LNBYT5954Z_2	9106_LNBYT5954Z_2
9106_LNBYT5954Z_3	9106_LNBYT5954Z_3
9106_LNBYT5954Z_4	9106_LNBYT5954Z_4
9135_LNBYT5954Z_1	9135_LNBYT5954Z_1
9135_LNBYT5954Z_2	9135_LNBYT5954Z_2
9135_LNBYT5954Z_3	9135_LNBYT5954Z_3
9135_LNBYT5954Z_4	9135_LNBYT5954Z_4
9135_LNBYT5954Z_5	9135_LNBYT5954Z_5
9135_LNBYT5954Z_6	9135_LNBYT5954Z_6
9430_LNBYT5954Z_1	9430_LNBYT5954Z_1
9430_LNBYT5954Z_2	9430_LNBYT5954Z_2
9430_LNBYT5954Z_3	9430_LNBYT5954Z_3
9430_LNBYT5954Z_4	9430_LNBYT5954Z_4
9532_LNBYT5954Z_1	9532_LNBYT5954Z_1
9532_LNBYT5954Z_2	9532_LNBYT5954Z_2
9532_LNBYT5954Z_3	9532_LNBYT5954Z_3
9532_LNBYT5954Z_4	9532_LNBYT5954Z_4
9532_LNBYT5954Z_5	9532_LNBYT5954Z_5
9607_LNBYT5954Z_1	9607_LNBYT5954Z_1
9607_LNBYT5954Z_2	9607_LNBYT5954Z_2
9607_LNBYT5954Z_3	9607_LNBYT5954Z_3
9662_LNBYT5954Z_1	9662_LNBYT5954Z_1
9662_LNBYT5954Z_2	9662_LNBYT5954Z_2
9662_LNBYT5954Z_3	9662_LNBYT5954Z_3
9701_LNBYT5954Z_1	9701_LNBYT5954Z_1
9701_LNBYT5954Z_2	9701_LNBYT5954Z_2
9701_LNBYT5954Z_3	9701_LNBYT5954Z_3
101970_LNBYT5954Z_2	101970_LNBYT5954Z_2
102015_LNBYT5954Z_1	102015_LNBYT5954Z_1
102045_LNBYT5954Z_1	102045_LNBYT5954Z_1
102674_LNBYT5954Z_1	102674_LNBYT5954Z_1
102674_LNBYT5954Z_2	102674_LNBYT5954Z_2
102837_LNBYT5954Z_1	102837_LNBYT5954Z_1
103160_LNBYT5954Z_1	103160_LNBYT5954Z_1
105921_LNBYT5954Z_1	105921_LNBYT5954Z_1
105921_LNBYT5954Z_2	105921_LNBYT5954Z_2
106521_LNBYT5954Z_1	106521_LNBYT5954Z_1
106814_LNBYT5954Z_1	106814_LNBYT5954Z_1
106997_LNBYT5954Z_1	106997_LNBYT5954Z_1
107326_LNBYT5954Z_1	107326_LNBYT5954Z_1
107326_LNBYT5954Z_2	107326_LNBYT5954Z_2
107685_LNBYT5954Z_1	107685_LNBYT5954Z_1
107970_LNBYT5954Z_1	107970_LNBYT5954Z_1
109350_LNBYT5954Z_1	109350_LNBYT5954Z_1
109350_LNBYT5954Z_2	109350_LNBYT5954Z_2
109372_LNBYT5954Z_1	109372_LNBYT5954Z_1
109610_LNBYT5954Z_1	109610_LNBYT5954Z_1
109610_LNBYT5954Z_2	109610_LNBYT5954Z_2
109753_LNBYT5954Z_1	109753_LNBYT5954Z_1
109753_LNBYT5954Z_2	109753_LNBYT5954Z_2
109846_LNBYT5954Z_1	109846_LNBYT5954Z_1
110128_LNBYT5954Z_1	110128_LNBYT5954Z_1
110428_LNBYT5954Z_1	110428_LNBYT5954Z_1
110493_LNBYT5954Z_2	110493_LNBYT5954Z_2
111003_LNBYT5954Z_1	111003_LNBYT5954Z_1
111415_LNBYT5954Z_1	111415_LNBYT5954Z_1
111986_LNBYT5954Z_1	111986_LNBYT5954Z_1
112054_LNBYT5954Z_1	112054_LNBYT5954Z_1
112054_LNBYT5954Z_2	112054_LNBYT5954Z_2
112284_LNBYT5954Z_1	112284_LNBYT5954Z_1
112377_LNBYT5954Z_1	112377_LNBYT5954Z_1
112706_LNBYT5954Z_1	112706_LNBYT5954Z_1
112706_LNBYT5954Z_2	112706_LNBYT5954Z_2
112857_LNBYT5954Z_1	112857_LNBYT5954Z_1
112857_LNBYT5954Z_2	112857_LNBYT5954Z_2
113020_LNBYT5954Z_1	113020_LNBYT5954Z_1
113020_LNBYT5954Z_2	113020_LNBYT5954Z_2
113422_LNBYT5954Z_1	113422_LNBYT5954Z_1
113899_LNBYT5954Z_1	113899_LNBYT5954Z_1
113998_LNBYT5954Z_1	113998_LNBYT5954Z_1
113998_LNBYT5954Z_2	113998_LNBYT5954Z_2
114340_LNBYT5954Z_1	114340_LNBYT5954Z_1
114340_LNBYT5954Z_2	114340_LNBYT5954Z_2
114419_LNBYT5954Z_1	114419_LNBYT5954Z_1
114420_LNBYT5954Z_1	114420_LNBYT5954Z_1
114746_LNBYT5954Z_1	114746_LNBYT5954Z_1
115132_LNBYT5954Z_1	115132_LNBYT5954Z_1
115132_LNBYT5954Z_2	115132_LNBYT5954Z_2
115258_LNBYT5954Z_1	115258_LNBYT5954Z_1
115258_LNBYT5954Z_2	115258_LNBYT5954Z_2
116800_LNBYT5954Z_1	116800_LNBYT5954Z_1
116800_LNBYT5954Z_2	116800_LNBYT5954Z_2
117005_LNBYT5954Z_1	117005_LNBYT5954Z_1
117125_LNBYT5954Z_1	117125_LNBYT5954Z_1
117125_LNBYT5954Z_2	117125_LNBYT5954Z_2
117125_LNBYT5954Z_3	117125_LNBYT5954Z_3
117582_LNBYT5954Z_1	117582_LNBYT5954Z_1
117850_LNBYT5954Z_1	117850_LNBYT5954Z_1
118632_LNBYT5954Z_1	118632_LNBYT5954Z_1
119015_LNBYT5954Z_1	119015_LNBYT5954Z_1
119015_LNBYT5954Z_2	119015_LNBYT5954Z_2
120023_LNBYT5954Z_1	120023_LNBYT5954Z_1
120345_LNBYT5954Z_1	120345_LNBYT5954Z_1
120710_LNBYT5954Z_1	120710_LNBYT5954Z_1
120771_LNBYT5954Z_1	120771_LNBYT5954Z_1
120771_LNBYT5954Z_2	120771_LNBYT5954Z_2
120786_LNBYT5954Z_1	120786_LNBYT5954Z_1
121018_LNBYT5954Z_1	121018_LNBYT5954Z_1
121127_LNBYT5954Z_1	121127_LNBYT5954Z_1
121240_LNBYT5954Z_1	121240_LNBYT5954Z_1
121240_LNBYT5954Z_2	121240_LNBYT5954Z_2
121385_LNBYT5954Z_1	121385_LNBYT5954Z_1
121385_LNBYT5954Z_2	121385_LNBYT5954Z_2
121385_LNBYT5954Z_2	95613_LNBYT5954Z_2
121385_LNBYT5954Z_3	121385_LNBYT5954Z_3
121424_LNBYT5954Z_1	121424_LNBYT5954Z_1
121424_LNBYT5954Z_2	121424_LNBYT5954Z_2
121502_LNBYT5954Z_1	121502_LNBYT5954Z_1
122017_LNBYT5954Z_1	122017_LNBYT5954Z_1
122017_LNBYT5954Z_2	122017_LNBYT5954Z_2
122048_LNBYT5954Z_1	122048_LNBYT5954Z_1
122048_LNBYT5954Z_2	122048_LNBYT5954Z_2
122560_LNBYT5954Z_1	122560_LNBYT5954Z_1
122738_LNBYT5954Z_1	122738_LNBYT5954Z_1
124004_LNBYT5954Z_1	124004_LNBYT5954Z_1
59416_LNBYT5954Z_1	59416_LNBYT5954Z_1
59939_LNBYT5954Z_1	59939_LNBYT5954Z_1
60675_LNBYT5954Z_1	60675_LNBYT5954Z_1
60675_LNBYT5954Z_2	60675_LNBYT5954Z_2
60737_LNBYT5954Z_1	60737_LNBYT5954Z_1
61808_LNBYT5954Z_1	61808_LNBYT5954Z_1
61925_LNBYT5954Z_1	61925_LNBYT5954Z_1
61925_LNBYT5954Z_2	61925_LNBYT5954Z_2
62220_LNBYT5954Z_1	62220_LNBYT5954Z_1
62220_LNBYT5954Z_2	62220_LNBYT5954Z_2
62220_LNBYT5954Z_3	62220_LNBYT5954Z_3
62222_LNBYT5954Z_1	62222_LNBYT5954Z_1
62222_LNBYT5954Z_1	37202_LNBYT5954Z_1
21907_LNBYT5954Z_1	21907_LNBYT5954Z_1
21907_LNBYT5954Z_2	21907_LNBYT5954Z_2
21907_LNBYT5954Z_3	21907_LNBYT5954Z_3
22137_LNBYT5954Z_1	22137_LNBYT5954Z_1
22137_LNBYT5954Z_2	22137_LNBYT5954Z_2
22137_LNBYT5954Z_3	22137_LNBYT5954Z_3
22137_LNBYT5954Z_4	22137_LNBYT5954Z_4
22266_LNBYT5954Z_1	22266_LNBYT5954Z_1
22326_LNBYT5954Z_1	22326_LNBYT5954Z_1
22326_LNBYT5954Z_2	22326_LNBYT5954Z_2
22326_LNBYT5954Z_3	22326_LNBYT5954Z_3
22417_LNBYT5954Z_1	22417_LNBYT5954Z_1
22418_LNBYT5954Z_1	22418_LNBYT5954Z_1
22418_LNBYT5954Z_2	22418_LNBYT5954Z_2
22418_LNBYT5954Z_3	22418_LNBYT5954Z_3
22504_LNBYT5954Z_1	22504_LNBYT5954Z_1
22504_LNBYT5954Z_2	22504_LNBYT5954Z_2
22504_LNBYT5954Z_3	22504_LNBYT5954Z_3
22730_LNBYT5954Z_1	22730_LNBYT5954Z_1
22730_LNBYT5954Z_2	22730_LNBYT5954Z_2
22966_LNBYT5954Z_1	22966_LNBYT5954Z_1
22966_LNBYT5954Z_2	22966_LNBYT5954Z_2
23169_LNBYT5954Z_1	23169_LNBYT5954Z_1
23169_LNBYT5954Z_2	23169_LNBYT5954Z_2
23169_LNBYT5954Z_3	23169_LNBYT5954Z_3
23169_LNBYT5954Z_4	23169_LNBYT5954Z_4
23216_LNBYT5954Z_1	23216_LNBYT5954Z_1
23216_LNBYT5954Z_2	23216_LNBYT5954Z_2
23216_LNBYT5954Z_3	23216_LNBYT5954Z_3
23287_LNBYT5954Z_1	23287_LNBYT5954Z_1
23287_LNBYT5954Z_2	23287_LNBYT5954Z_2
23287_LNBYT5954Z_3	23287_LNBYT5954Z_3
23637_LNBYT5954Z_1	23637_LNBYT5954Z_1
23639_LNBYT5954Z_1	23639_LNBYT5954Z_1
23639_LNBYT5954Z_2	23639_LNBYT5954Z_2
23639_LNBYT5954Z_3	23639_LNBYT5954Z_3
23639_LNBYT5954Z_4	23639_LNBYT5954Z_4
23639_LNBYT5954Z_5	23639_LNBYT5954Z_5
23649_LNBYT5954Z_1	23649_LNBYT5954Z_1
23649_LNBYT5954Z_2	23649_LNBYT5954Z_2
23649_LNBYT5954Z_3	23649_LNBYT5954Z_3
24278_LNBYT5954Z_1	24278_LNBYT5954Z_1
24278_LNBYT5954Z_2	24278_LNBYT5954Z_2
24278_LNBYT5954Z_3	24278_LNBYT5954Z_3
24321_LNBYT5954Z_1	24321_LNBYT5954Z_1
24321_LNBYT5954Z_2	24321_LNBYT5954Z_2
24321_LNBYT5954Z_3	24321_LNBYT5954Z_3
24321_LNBYT5954Z_4	24321_LNBYT5954Z_4
24459_LNBYT5954Z_1	24459_LNBYT5954Z_1
24459_LNBYT5954Z_2	24459_LNBYT5954Z_2
24512_LNBYT5954Z_1	24512_LNBYT5954Z_1
24512_LNBYT5954Z_1	10802_LNBYT5954Z_1
24512_LNBYT5954Z_2	24512_LNBYT5954Z_2
24512_LNBYT5954Z_3	24512_LNBYT5954Z_3
24512_LNBYT5954Z_4	24512_LNBYT5954Z_4
24699_LNBYT5954Z_1	24699_LNBYT5954Z_1
24699_LNBYT5954Z_2	24699_LNBYT5954Z_2
24833_LNBYT5954Z_1	24833_LNBYT5954Z_1
24833_LNBYT5954Z_2	24833_LNBYT5954Z_2
24833_LNBYT5954Z_3	24833_LNBYT5954Z_3
25117_LNBYT5954Z_1	25117_LNBYT5954Z_1
25378_LNBYT5954Z_1	25378_LNBYT5954Z_1
25378_LNBYT5954Z_2	25378_LNBYT5954Z_2
25589_LNBYT5954Z_1	25589_LNBYT5954Z_1
25589_LNBYT5954Z_2	25589_LNBYT5954Z_2
25589_LNBYT5954Z_3	25589_LNBYT5954Z_3
25878_LNBYT5954Z_1	25878_LNBYT5954Z_1
25878_LNBYT5954Z_2	25878_LNBYT5954Z_2
25988_LNBYT5954Z_1	25988_LNBYT5954Z_1
25988_LNBYT5954Z_2	25988_LNBYT5954Z_2
26089_LNBYT5954Z_1	26089_LNBYT5954Z_1
26089_LNBYT5954Z_2	26089_LNBYT5954Z_2
26089_LNBYT5954Z_3	26089_LNBYT5954Z_3
26419_LNBYT5954Z_1	26419_LNBYT5954Z_1
26419_LNBYT5954Z_2	26419_LNBYT5954Z_2
26431_LNBYT5954Z_1	26431_LNBYT5954Z_1
26592_LNBYT5954Z_1	26592_LNBYT5954Z_1
26592_LNBYT5954Z_2	26592_LNBYT5954Z_2
26654_LNBYT5954Z_1	26654_LNBYT5954Z_1
26654_LNBYT5954Z_2	26654_LNBYT5954Z_2
26654_LNBYT5954Z_3	26654_LNBYT5954Z_3
26893_LNBYT5954Z_1	26893_LNBYT5954Z_1
26893_LNBYT5954Z_2	26893_LNBYT5954Z_2
26906_LNBYT5954Z_1	26906_LNBYT5954Z_1
26906_LNBYT5954Z_2	26906_LNBYT5954Z_2
26906_LNBYT5954Z_3	26906_LNBYT5954Z_3
26994_LNBYT5954Z_1	26994_LNBYT5954Z_1
27407_LNBYT5954Z_1	27407_LNBYT5954Z_1
27407_LNBYT5954Z_2	27407_LNBYT5954Z_2
27407_LNBYT5954Z_3	27407_LNBYT5954Z_3
27631_LNBYT5954Z_1	27631_LNBYT5954Z_1
27749_LNBYT5954Z_1	27749_LNBYT5954Z_1
27749_LNBYT5954Z_2	27749_LNBYT5954Z_2
27749_LNBYT5954Z_3	27749_LNBYT5954Z_3
27749_LNBYT5954Z_4	27749_LNBYT5954Z_4
27981_LNBYT5954Z_1	27981_LNBYT5954Z_1
27981_LNBYT5954Z_2	27981_LNBYT5954Z_2
28315_LNBYT5954Z_1	28315_LNBYT5954Z_1
28315_LNBYT5954Z_2	28315_LNBYT5954Z_2
28403_LNBYT5954Z_1	28403_LNBYT5954Z_1
28403_LNBYT5954Z_2	28403_LNBYT5954Z_2
9701_LNBYT5954Z_4	9701_LNBYT5954Z_4
9701_LNBYT5954Z_5	9701_LNBYT5954Z_5
9701_LNBYT5954Z_6	9701_LNBYT5954Z_6
9835_LNBYT5954Z_1	9835_LNBYT5954Z_1
9835_LNBYT5954Z_2	9835_LNBYT5954Z_2
9835_LNBYT5954Z_3	9835_LNBYT5954Z_3
9835_LNBYT5954Z_4	9835_LNBYT5954Z_4
9835_LNBYT5954Z_5	9835_LNBYT5954Z_5
10180_LNBYT5954Z_1	10180_LNBYT5954Z_1
10180_LNBYT5954Z_2	10180_LNBYT5954Z_2
10180_LNBYT5954Z_3	10180_LNBYT5954Z_3
10182_LNBYT5954Z_1	10182_LNBYT5954Z_1
10182_LNBYT5954Z_2	10182_LNBYT5954Z_2
10182_LNBYT5954Z_3	10182_LNBYT5954Z_3
10182_LNBYT5954Z_4	10182_LNBYT5954Z_4
10254_LNBYT5954Z_1	10254_LNBYT5954Z_1
10254_LNBYT5954Z_2	10254_LNBYT5954Z_2
10254_LNBYT5954Z_3	10254_LNBYT5954Z_3
10526_LNBYT5954Z_1	10526_LNBYT5954Z_1
10526_LNBYT5954Z_2	10526_LNBYT5954Z_2
10526_LNBYT5954Z_3	10526_LNBYT5954Z_3
10526_LNBYT5954Z_4	10526_LNBYT5954Z_4
10526_LNBYT5954Z_5	10526_LNBYT5954Z_5
10526_LNBYT5954Z_6	10526_LNBYT5954Z_6
10526_LNBYT5954Z_7	10526_LNBYT5954Z_7
10526_LNBYT5954Z_8	10526_LNBYT5954Z_8
10526_LNBYT5954Z_9	10526_LNBYT5954Z_9
10590_LNBYT5954Z_1	10590_LNBYT5954Z_1
10590_LNBYT5954Z_2	10590_LNBYT5954Z_2
10590_LNBYT5954Z_3	10590_LNBYT5954Z_3
10590_LNBYT5954Z_4	10590_LNBYT5954Z_4
10703_LNBYT5954Z_1	10703_LNBYT5954Z_1
10703_LNBYT5954Z_2	10703_LNBYT5954Z_2
10703_LNBYT5954Z_3	10703_LNBYT5954Z_3
10703_LNBYT5954Z_4	10703_LNBYT5954Z_4
10802_LNBYT5954Z_2	10802_LNBYT5954Z_2
10802_LNBYT5954Z_3	10802_LNBYT5954Z_3
10802_LNBYT5954Z_4	10802_LNBYT5954Z_4
10856_LNBYT5954Z_1	10856_LNBYT5954Z_1
10856_LNBYT5954Z_2	10856_LNBYT5954Z_2
10856_LNBYT5954Z_3	10856_LNBYT5954Z_3
10856_LNBYT5954Z_4	10856_LNBYT5954Z_4
10909_LNBYT5954Z_2	10909_LNBYT5954Z_2
10909_LNBYT5954Z_3	10909_LNBYT5954Z_3
11204_LNBYT5954Z_1	11204_LNBYT5954Z_1
11204_LNBYT5954Z_2	11204_LNBYT5954Z_2
11204_LNBYT5954Z_3	11204_LNBYT5954Z_3
11204_LNBYT5954Z_4	11204_LNBYT5954Z_4
11461_LNBYT5954Z_1	11461_LNBYT5954Z_1
11461_LNBYT5954Z_2	11461_LNBYT5954Z_2
11461_LNBYT5954Z_3	11461_LNBYT5954Z_3
11824_LNBYT5954Z_1	11824_LNBYT5954Z_1
11824_LNBYT5954Z_2	11824_LNBYT5954Z_2
11824_LNBYT5954Z_3	11824_LNBYT5954Z_3
11824_LNBYT5954Z_4	11824_LNBYT5954Z_4
11824_LNBYT5954Z_5	11824_LNBYT5954Z_5
11875_LNBYT5954Z_1	11875_LNBYT5954Z_1
11875_LNBYT5954Z_2	11875_LNBYT5954Z_2
11875_LNBYT5954Z_3	11875_LNBYT5954Z_3
11875_LNBYT5954Z_4	11875_LNBYT5954Z_4
11875_LNBYT5954Z_5	11875_LNBYT5954Z_5
12046_LNBYT5954Z_1	12046_LNBYT5954Z_1
12046_LNBYT5954Z_2	12046_LNBYT5954Z_2
12137_LNBYT5954Z_1	12137_LNBYT5954Z_1
12137_LNBYT5954Z_2	12137_LNBYT5954Z_2
12137_LNBYT5954Z_3	12137_LNBYT5954Z_3
12421_LNBYT5954Z_1	12421_LNBYT5954Z_1
12421_LNBYT5954Z_2	12421_LNBYT5954Z_2
12421_LNBYT5954Z_3	12421_LNBYT5954Z_3
12421_LNBYT5954Z_4	12421_LNBYT5954Z_4
12421_LNBYT5954Z_5	12421_LNBYT5954Z_5
12421_LNBYT5954Z_6	12421_LNBYT5954Z_6
12536_LNBYT5954Z_1	12536_LNBYT5954Z_1
12536_LNBYT5954Z_2	12536_LNBYT5954Z_2
12536_LNBYT5954Z_3	12536_LNBYT5954Z_3
12536_LNBYT5954Z_4	12536_LNBYT5954Z_4
12536_LNBYT5954Z_5	12536_LNBYT5954Z_5
12654_LNBYT5954Z_1	12654_LNBYT5954Z_1
12654_LNBYT5954Z_2	12654_LNBYT5954Z_2
12859_LNBYT5954Z_1	12859_LNBYT5954Z_1
12859_LNBYT5954Z_2	12859_LNBYT5954Z_2
12859_LNBYT5954Z_3	12859_LNBYT5954Z_3
12859_LNBYT5954Z_4	12859_LNBYT5954Z_4
12933_LNBYT5954Z_1	12933_LNBYT5954Z_1
12933_LNBYT5954Z_2	12933_LNBYT5954Z_2
12944_LNBYT5954Z_1	12944_LNBYT5954Z_1
12944_LNBYT5954Z_2	12944_LNBYT5954Z_2
12944_LNBYT5954Z_3	12944_LNBYT5954Z_3
12944_LNBYT5954Z_4	12944_LNBYT5954Z_4
13098_LNBYT5954Z_1	13098_LNBYT5954Z_1
13098_LNBYT5954Z_2	13098_LNBYT5954Z_2
13098_LNBYT5954Z_3	13098_LNBYT5954Z_3
13098_LNBYT5954Z_4	13098_LNBYT5954Z_4
13353_LNBYT5954Z_1	13353_LNBYT5954Z_1
13353_LNBYT5954Z_2	13353_LNBYT5954Z_2
13353_LNBYT5954Z_3	13353_LNBYT5954Z_3
13353_LNBYT5954Z_4	13353_LNBYT5954Z_4
13353_LNBYT5954Z_5	13353_LNBYT5954Z_5
42610_LNBYT5954Z_1	42610_LNBYT5954Z_1
42610_LNBYT5954Z_2	42610_LNBYT5954Z_2
42710_LNBYT5954Z_1	42710_LNBYT5954Z_1
42854_LNBYT5954Z_1	42854_LNBYT5954Z_1
43070_LNBYT5954Z_1	43070_LNBYT5954Z_1
43398_LNBYT5954Z_1	43398_LNBYT5954Z_1
43398_LNBYT5954Z_1	110493_LNBYT5954Z_1
43398_LNBYT5954Z_2	43398_LNBYT5954Z_2
43641_LNBYT5954Z_1	43641_LNBYT5954Z_1
43641_LNBYT5954Z_2	43641_LNBYT5954Z_2
43641_LNBYT5954Z_3	43641_LNBYT5954Z_3
43641_LNBYT5954Z_4	43641_LNBYT5954Z_4
43653_LNBYT5954Z_1	43653_LNBYT5954Z_1
43675_LNBYT5954Z_1	43675_LNBYT5954Z_1
43675_LNBYT5954Z_2	43675_LNBYT5954Z_2
44343_LNBYT5954Z_1	44343_LNBYT5954Z_1
44524_LNBYT5954Z_1	44524_LNBYT5954Z_1
45486_LNBYT5954Z_1	45486_LNBYT5954Z_1
45486_LNBYT5954Z_2	45486_LNBYT5954Z_2
45524_LNBYT5954Z_1	45524_LNBYT5954Z_1
45524_LNBYT5954Z_2	45524_LNBYT5954Z_2
45524_LNBYT5954Z_3	45524_LNBYT5954Z_3
45627_LNBYT5954Z_1	45627_LNBYT5954Z_1
45627_LNBYT5954Z_1	7531_LNBYT5954Z_4
45645_LNBYT5954Z_1	45645_LNBYT5954Z_1
45645_LNBYT5954Z_2	45645_LNBYT5954Z_2
46310_LNBYT5954Z_1	46310_LNBYT5954Z_1
46381_LNBYT5954Z_1	46381_LNBYT5954Z_1
46695_LNBYT5954Z_2	46695_LNBYT5954Z_2
46695_LNBYT5954Z_3	46695_LNBYT5954Z_3
47117_LNBYT5954Z_1	47117_LNBYT5954Z_1
47128_LNBYT5954Z_1	47128_LNBYT5954Z_1
47128_LNBYT5954Z_2	47128_LNBYT5954Z_2
47128_LNBYT5954Z_3	47128_LNBYT5954Z_3
47176_LNBYT5954Z_1	47176_LNBYT5954Z_1
47315_LNBYT5954Z_1	47315_LNBYT5954Z_1
47315_LNBYT5954Z_2	47315_LNBYT5954Z_2
47317_LNBYT5954Z_1	47317_LNBYT5954Z_1
47317_LNBYT5954Z_2	47317_LNBYT5954Z_2
47978_LNBYT5954Z_1	47978_LNBYT5954Z_1
47978_LNBYT5954Z_2	47978_LNBYT5954Z_2
48227_LNBYT5954Z_1	48227_LNBYT5954Z_1
48227_LNBYT5954Z_2	48227_LNBYT5954Z_2
48385_LNBYT5954Z_1	48385_LNBYT5954Z_1
48385_LNBYT5954Z_2	48385_LNBYT5954Z_2
48434_LNBYT5954Z_1	48434_LNBYT5954Z_1
48434_LNBYT5954Z_2	48434_LNBYT5954Z_2
49735_LNBYT5954Z_1	49735_LNBYT5954Z_1
49735_LNBYT5954Z_2	49735_LNBYT5954Z_2
49735_LNBYT5954Z_3	49735_LNBYT5954Z_3
49899_LNBYT5954Z_1	49899_LNBYT5954Z_1
50144_LNBYT5954Z_1	50144_LNBYT5954Z_1
50144_LNBYT5954Z_2	50144_LNBYT5954Z_2
50144_LNBYT5954Z_3	50144_LNBYT5954Z_3
50236_LNBYT5954Z_1	50236_LNBYT5954Z_1
50400_LNBYT5954Z_1	50400_LNBYT5954Z_1
50526_LNBYT5954Z_1	50526_LNBYT5954Z_1
50765_LNBYT5954Z_1	50765_LNBYT5954Z_1
50765_LNBYT5954Z_1	46695_LNBYT5954Z_1
51250_LNBYT5954Z_1	51250_LNBYT5954Z_1
51455_LNBYT5954Z_1	51455_LNBYT5954Z_1
52071_LNBYT5954Z_1	52071_LNBYT5954Z_1
52071_LNBYT5954Z_2	52071_LNBYT5954Z_2
52150_LNBYT5954Z_1	52150_LNBYT5954Z_1
52150_LNBYT5954Z_2	52150_LNBYT5954Z_2
52485_LNBYT5954Z_1	52485_LNBYT5954Z_1
52485_LNBYT5954Z_2	52485_LNBYT5954Z_2
52545_LNBYT5954Z_1	52545_LNBYT5954Z_1
52545_LNBYT5954Z_2	52545_LNBYT5954Z_2
52545_LNBYT5954Z_3	52545_LNBYT5954Z_3
52624_LNBYT5954Z_1	52624_LNBYT5954Z_1
52743_LNBYT5954Z_1	52743_LNBYT5954Z_1
52743_LNBYT5954Z_2	52743_LNBYT5954Z_2
52787_LNBYT5954Z_1	52787_LNBYT5954Z_1
52787_LNBYT5954Z_2	52787_LNBYT5954Z_2
52800_LNBYT5954Z_1	52800_LNBYT5954Z_1
52820_LNBYT5954Z_1	52820_LNBYT5954Z_1
53349_LNBYT5954Z_1	53349_LNBYT5954Z_1
53349_LNBYT5954Z_2	53349_LNBYT5954Z_2
53531_LNBYT5954Z_1	53531_LNBYT5954Z_1
53531_LNBYT5954Z_2	53531_LNBYT5954Z_2
53602_LNBYT5954Z_1	53602_LNBYT5954Z_1
53602_LNBYT5954Z_2	53602_LNBYT5954Z_2
53652_LNBYT5954Z_1	53652_LNBYT5954Z_1
53697_LNBYT5954Z_1	53697_LNBYT5954Z_1
53697_LNBYT5954Z_2	53697_LNBYT5954Z_2
53757_LNBYT5954Z_1	53757_LNBYT5954Z_1
53757_LNBYT5954Z_2	53757_LNBYT5954Z_2
53840_LNBYT5954Z_1	53840_LNBYT5954Z_1
53840_LNBYT5954Z_2	53840_LNBYT5954Z_2
54408_LNBYT5954Z_1	54408_LNBYT5954Z_1
54408_LNBYT5954Z_2	54408_LNBYT5954Z_2
54536_LNBYT5954Z_1	54536_LNBYT5954Z_1
54753_LNBYT5954Z_1	54753_LNBYT5954Z_1
54753_LNBYT5954Z_2	54753_LNBYT5954Z_2
54791_LNBYT5954Z_1	54791_LNBYT5954Z_1
54791_LNBYT5954Z_2	54791_LNBYT5954Z_2
54849_LNBYT5954Z_1	54849_LNBYT5954Z_1
54849_LNBYT5954Z_2	54849_LNBYT5954Z_2
54859_LNBYT5954Z_1	54859_LNBYT5954Z_1
54859_LNBYT5954Z_2	54859_LNBYT5954Z_2
55264_LNBYT5954Z_1	55264_LNBYT5954Z_1
