7563_LNBYT5954Z_4	7563_LNBYT5954Z_4
7563_LNBYT5954Z_5	7563_LNBYT5954Z_5
7563_LNBYT5954Z_6	7563_LNBYT5954Z_6
7563_LNBYT5954Z_7	7563_LNBYT5954Z_7
7719_LNBYT5954Z_1	7719_LNBYT5954Z_1
7719_LNBYT5954Z_2	7719_LNBYT5954Z_2
7719_LNBYT5954Z_3	7719_LNBYT5954Z_3
7719_LNBYT5954Z_4	7719_LNBYT5954Z_4
7719_LNBYT5954Z_5	7719_LNBYT5954Z_5
7719_LNBYT5954Z_6	7719_LNBYT5954Z_6
7719_LNBYT5954Z_7	7719_LNBYT5954Z_7
7719_LNBYT5954Z_8	7719_LNBYT5954Z_8
7719_LNBYT5954Z_9	7719_LNBYT5954Z_9
40_LNBYT5954Z_1	40_LNBYT5954Z_1
40_LNBYT5954Z_2	40_LNBYT5954Z_2
40_LNBYT5954Z_3	40_LNBYT5954Z_3
40_LNBYT5954Z_4	40_LNBYT5954Z_4
40_LNBYT5954Z_5	40_LNBYT5954Z_5
40_LNBYT5954Z_6	40_LNBYT5954Z_6
40_LNBYT5954Z_7	40_LNBYT5954Z_7
40_LNBYT5954Z_8	40_LNBYT5954Z_8
40_LNBYT5954Z_9	40_LNBYT5954Z_9
40_LNBYT5954Z_10	40_LNBYT5954Z_10
40_LNBYT5954Z_11	40_LNBYT5954Z_11
40_LNBYT5954Z_12	40_LNBYT5954Z_12
40_LNBYT5954Z_13	40_LNBYT5954Z_13
40_LNBYT5954Z_14	40_LNBYT5954Z_14
40_LNBYT5954Z_15	40_LNBYT5954Z_15
40_LNBYT5954Z_16	40_LNBYT5954Z_16
40_LNBYT5954Z_17	40_LNBYT5954Z_17
40_LNBYT5954Z_18	40_LNBYT5954Z_18
40_LNBYT5954Z_19	40_LNBYT5954Z_19
40_LNBYT5954Z_20	40_LNBYT5954Z_20
40_LNBYT5954Z_21	40_LNBYT5954Z_21
40_LNBYT5954Z_22	40_LNBYT5954Z_22
40_LNBYT5954Z_23	40_LNBYT5954Z_23
40_LNBYT5954Z_24	40_LNBYT5954Z_24
40_LNBYT5954Z_25	40_LNBYT5954Z_25
40_LNBYT5954Z_26	40_LNBYT5954Z_26
40_LNBYT5954Z_27	40_LNBYT5954Z_27
40_LNBYT5954Z_28	40_LNBYT5954Z_28
40_LNBYT5954Z_29	40_LNBYT5954Z_29
40_LNBYT5954Z_30	40_LNBYT5954Z_30
40_LNBYT5954Z_31	40_LNBYT5954Z_31
40_LNBYT5954Z_32	40_LNBYT5954Z_32
40_LNBYT5954Z_33	40_LNBYT5954Z_33
40_LNBYT5954Z_34	40_LNBYT5954Z_34
40_LNBYT5954Z_35	40_LNBYT5954Z_35
40_LNBYT5954Z_36	40_LNBYT5954Z_36
40_LNBYT5954Z_37	40_LNBYT5954Z_37
40_LNBYT5954Z_38	40_LNBYT5954Z_38
40_LNBYT5954Z_39	40_LNBYT5954Z_39
40_LNBYT5954Z_40	40_LNBYT5954Z_40
40_LNBYT5954Z_41	40_LNBYT5954Z_41
40_LNBYT5954Z_42	40_LNBYT5954Z_42
40_LNBYT5954Z_43	40_LNBYT5954Z_43
40_LNBYT5954Z_44	40_LNBYT5954Z_44
40_LNBYT5954Z_45	40_LNBYT5954Z_45
40_LNBYT5954Z_46	40_LNBYT5954Z_46
40_LNBYT5954Z_47	40_LNBYT5954Z_47
40_LNBYT5954Z_48	40_LNBYT5954Z_48
40_LNBYT5954Z_49	40_LNBYT5954Z_49
40_LNBYT5954Z_50	40_LNBYT5954Z_50
40_LNBYT5954Z_51	40_LNBYT5954Z_51
40_LNBYT5954Z_52	40_LNBYT5954Z_52
40_LNBYT5954Z_53	40_LNBYT5954Z_53
40_LNBYT5954Z_54	40_LNBYT5954Z_54
40_LNBYT5954Z_55	40_LNBYT5954Z_55
40_LNBYT5954Z_56	40_LNBYT5954Z_56
40_LNBYT5954Z_57	40_LNBYT5954Z_57
40_LNBYT5954Z_58	40_LNBYT5954Z_58
40_LNBYT5954Z_59	40_LNBYT5954Z_59
40_LNBYT5954Z_60	40_LNBYT5954Z_60
6720_LNBYT5954Z_1	6720_LNBYT5954Z_1
6720_LNBYT5954Z_2	6720_LNBYT5954Z_2
6720_LNBYT5954Z_3	6720_LNBYT5954Z_3
6720_LNBYT5954Z_4	6720_LNBYT5954Z_4
6720_LNBYT5954Z_5	6720_LNBYT5954Z_5
6915_LNBYT5954Z_1	6915_LNBYT5954Z_1
6915_LNBYT5954Z_2	6915_LNBYT5954Z_2
6915_LNBYT5954Z_3	6915_LNBYT5954Z_3
6915_LNBYT5954Z_4	6915_LNBYT5954Z_4
6915_LNBYT5954Z_5	6915_LNBYT5954Z_5
6915_LNBYT5954Z_6	6915_LNBYT5954Z_6
6915_LNBYT5954Z_7	6915_LNBYT5954Z_7
6915_LNBYT5954Z_8	6915_LNBYT5954Z_8
6915_LNBYT5954Z_9	6915_LNBYT5954Z_9
7121_LNBYT5954Z_1	7121_LNBYT5954Z_1
7121_LNBYT5954Z_2	7121_LNBYT5954Z_2
7121_LNBYT5954Z_3	7121_LNBYT5954Z_3
7121_LNBYT5954Z_4	7121_LNBYT5954Z_4
7121_LNBYT5954Z_5	7121_LNBYT5954Z_5
7184_LNBYT5954Z_1	7184_LNBYT5954Z_1
7184_LNBYT5954Z_2	7184_LNBYT5954Z_2
7184_LNBYT5954Z_3	7184_LNBYT5954Z_3
7184_LNBYT5954Z_4	7184_LNBYT5954Z_4
7515_LNBYT5954Z_1	7515_LNBYT5954Z_1
7515_LNBYT5954Z_2	7515_LNBYT5954Z_2
7515_LNBYT5954Z_3	7515_LNBYT5954Z_3
7515_LNBYT5954Z_4	7515_LNBYT5954Z_4
7515_LNBYT5954Z_5	7515_LNBYT5954Z_5
7515_LNBYT5954Z_6	7515_LNBYT5954Z_6
7531_LNBYT5954Z_1	7531_LNBYT5954Z_1
7531_LNBYT5954Z_2	7531_LNBYT5954Z_2
7531_LNBYT5954Z_3	7531_LNBYT5954Z_3
7531_LNBYT5954Z_4	7531_LNBYT5954Z_4
7559_LNBYT5954Z_1	7559_LNBYT5954Z_1
7559_LNBYT5954Z_2	7559_LNBYT5954Z_2
7559_LNBYT5954Z_3	7559_LNBYT5954Z_3
7559_LNBYT5954Z_4	7559_LNBYT5954Z_4
7563_LNBYT5954Z_1	7563_LNBYT5954Z_1
7563_LNBYT5954Z_2	7563_LNBYT5954Z_2
7563_LNBYT5954Z_3	7563_LNBYT5954Z_3
